old_label,D,M,discB,discO,deg_mu,level,al_set,al_gens,n_al,is_trivial_quotient,is_full_star,hall_divisors_DM,al_all_hall,has_identity_1,in_models,model_dup_count,in_points,pt_genus,pt_count,pt_M,coords
6.5-[1],6,5,6,30,1,1,1,,1,True,False,"1,2,3,5,6,10,15,30",True,True,True,1,False,,,,
6.7-[1],6,7,6,42,1,1,1,,1,True,False,"1,2,3,6,7,14,21,42",True,True,True,1,False,,,,
6.11-[1],6,11,6,66,1,1,1,,1,True,False,"1,2,3,6,11,22,33,66",True,True,True,1,True,3,0,11,{}
"6.11-[1,2]",6,11,6,66,1,1,"1,2",2,2,False,False,"1,2,3,6,11,22,33,66",True,True,True,1,True,2,0,11,{}
"6.11-[1,3]",6,11,6,66,1,1,"1,3",3,2,False,False,"1,2,3,6,11,22,33,66",True,True,True,1,True,2,0,11,{}
"6.11-[1,6]",6,11,6,66,1,1,"1,6",6,2,False,False,"1,2,3,6,11,22,33,66",True,True,True,1,True,1,0,11,{}
"6.11-[1,11]",6,11,6,66,1,1,"1,11",11,2,False,False,"1,2,3,6,11,22,33,66",True,True,True,1,True,2,0,11,{}
"6.11-[1,22]",6,11,6,66,1,1,"1,22",22,2,False,False,"1,2,3,6,11,22,33,66",True,True,True,1,True,1,0,11,{}
"6.11-[1,33]",6,11,6,66,1,1,"1,33",33,2,False,False,"1,2,3,6,11,22,33,66",True,True,True,1,True,1,0,11,{}
"6.11-[1,66]",6,11,6,66,1,1,"1,66",66,2,False,False,"1,2,3,6,11,22,33,66",True,True,True,1,True,0,infinite,11,[]
"6.11-[1,2,3,6]",6,11,6,66,1,1,"1,2,3,6","2,3,6",4,False,False,"1,2,3,6,11,22,33,66",True,True,True,1,True,1,2,11,"{[ 0, 1, 0 ],[ 463/4, -463/8, 1 ]}"
"6.11-[1,2,11,22]",6,11,6,66,1,1,"1,2,11,22","2,11,22",4,False,False,"1,2,3,6,11,22,33,66",True,True,True,1,True,1,2,11,"{[ 39/4, -43/8, 1 ],[ 0, 1, 0 ]}"
"6.11-[1,2,33,66]",6,11,6,66,1,1,"1,2,33,66","2,33,66",4,False,False,"1,2,3,6,11,22,33,66",True,True,True,1,True,0,infinite,11,[]
"6.11-[1,3,11,33]",6,11,6,66,1,1,"1,3,11,33","3,11,33",4,False,False,"1,2,3,6,11,22,33,66",True,True,True,1,True,1,2,11,"{[ 19/4, -23/8, 1 ],[ 0, 1, 0 ]}"
"6.11-[1,3,22,66]",6,11,6,66,1,1,"1,3,22,66","3,22,66",4,False,False,"1,2,3,6,11,22,33,66",True,True,True,1,True,0,infinite,11,[]
"6.11-[1,6,11,66]",6,11,6,66,1,1,"1,6,11,66","6,11,66",4,False,False,"1,2,3,6,11,22,33,66",True,True,True,1,True,0,infinite,11,[]
"6.11-[1,6,22,33]",6,11,6,66,1,1,"1,6,22,33","6,22,33",4,False,False,"1,2,3,6,11,22,33,66",True,True,True,1,True,0,0,11,[]
"6.11-[1,2,3,6,11,22,33,66]",6,11,6,66,1,1,"1,2,3,6,11,22,33,66","2,3,6,11,22,33,66",8,False,True,"1,2,3,6,11,22,33,66",True,True,True,1,True,0,infinite,11,[]
6.13-[1],6,13,6,78,1,1,1,,1,True,False,"1,2,3,6,13,26,39,78",True,True,True,1,False,,,,
6.17-[1],6,17,6,102,1,1,1,,1,True,False,"1,2,3,6,17,34,51,102",True,True,True,1,True,3,0,17,{}
"6.17-[1,2]",6,17,6,102,1,1,"1,2",2,2,False,False,"1,2,3,6,17,34,51,102",True,True,True,1,True,1,0,17,{}
"6.17-[1,3]",6,17,6,102,1,1,"1,3",3,2,False,False,"1,2,3,6,17,34,51,102",True,True,True,1,True,2,0,17,{}
"6.17-[1,6]",6,17,6,102,1,1,"1,6",6,2,False,False,"1,2,3,6,17,34,51,102",True,True,True,1,True,2,0,17,{}
"6.17-[1,17]",6,17,6,102,1,1,"1,17",17,2,False,False,"1,2,3,6,17,34,51,102",True,True,True,1,True,2,0,17,{}
"6.17-[1,34]",6,17,6,102,1,1,"1,34",34,2,False,False,"1,2,3,6,17,34,51,102",True,True,True,1,True,0,0,17,[]
"6.17-[1,51]",6,17,6,102,1,1,"1,51",51,2,False,False,"1,2,3,6,17,34,51,102",True,True,True,1,True,1,2,17,"{[ -17/9, 0, 0, 1 ],[ 17/9, 0, 0, 1 ]}"
"6.17-[1,102]",6,17,6,102,1,1,"1,102",102,2,False,False,"1,2,3,6,17,34,51,102",True,True,True,1,True,1,2,17,NA
"6.17-[1,2,3,6]",6,17,6,102,1,1,"1,2,3,6","2,3,6",4,False,False,"1,2,3,6,17,34,51,102",True,True,True,1,True,1,2,17,"{[ 191/4, -191/8, 1 ],[ 0, 1, 0 ]}"
"6.17-[1,2,17,34]",6,17,6,102,1,1,"1,2,17,34","2,17,34",4,False,False,"1,2,3,6,17,34,51,102",True,True,True,1,True,0,infinite,17,[]
"6.17-[1,2,51,102]",6,17,6,102,1,1,"1,2,51,102","2,51,102",4,False,False,"1,2,3,6,17,34,51,102",True,True,True,1,True,0,infinite,17,[]
"6.17-[1,3,17,51]",6,17,6,102,1,1,"1,3,17,51","3,17,51",4,False,False,"1,2,3,6,17,34,51,102",True,True,True,1,True,1,2,17,"{[ 71/4, -75/8, 1 ],[ 0, 1, 0 ]}"
"6.17-[1,3,34,102]",6,17,6,102,1,1,"1,3,34,102","3,34,102",4,False,False,"1,2,3,6,17,34,51,102",True,True,True,1,True,0,infinite,17,[]
"6.17-[1,6,17,102]",6,17,6,102,1,1,"1,6,17,102","6,17,102",4,False,False,"1,2,3,6,17,34,51,102",True,True,True,1,True,1,2,17,NA
"6.17-[1,6,34,51]",6,17,6,102,1,1,"1,6,34,51","6,34,51",4,False,False,"1,2,3,6,17,34,51,102",True,True,True,1,True,0,infinite,17,[]
"6.17-[1,2,3,6,17,34,51,102]",6,17,6,102,1,1,"1,2,3,6,17,34,51,102","2,3,6,17,34,51,102",8,False,True,"1,2,3,6,17,34,51,102",True,True,True,1,True,0,infinite,17,[]
6.19-[1],6,19,6,114,1,1,1,,1,True,False,"1,2,3,6,19,38,57,114",True,True,True,1,True,3,0,19,{}
"6.19-[1,2]",6,19,6,114,1,1,"1,2",2,2,False,False,"1,2,3,6,19,38,57,114",True,True,True,1,True,2,0,19,{}
"6.19-[1,3]",6,19,6,114,1,1,"1,3",3,2,False,False,"1,2,3,6,19,38,57,114",True,True,True,1,True,1,0,19,{}
"6.19-[1,6]",6,19,6,114,1,1,"1,6",6,2,False,False,"1,2,3,6,19,38,57,114",True,True,True,1,True,2,2,19,"{[ 0, 0, 1 ],[ 1, 0, 0 ]}"
"6.19-[1,19]",6,19,6,114,1,1,"1,19",19,2,False,False,"1,2,3,6,19,38,57,114",True,True,True,1,True,1,0,19,{}
"6.19-[1,38]",6,19,6,114,1,1,"1,38",38,2,False,False,"1,2,3,6,19,38,57,114",True,True,True,1,True,2,2,19,"{[ 3, -19, 2 ],[ -1, -3, 2 ]}"
"6.19-[1,57]",6,19,6,114,1,1,"1,57",57,2,False,False,"1,2,3,6,19,38,57,114",True,True,True,1,True,1,0,19,{}
"6.19-[1,114]",6,19,6,114,1,1,"1,114",114,2,False,False,"1,2,3,6,19,38,57,114",True,True,True,1,True,0,infinite,19,[]
"6.19-[1,2,3,6]",6,19,6,114,1,1,"1,2,3,6","2,3,6",4,False,False,"1,2,3,6,19,38,57,114",True,True,True,1,True,1,2,19,"{[ 95/4, -95/8, 1 ],[ 0, 1, 0 ]}"
"6.19-[1,2,19,38]",6,19,6,114,1,1,"1,2,19,38","2,19,38",4,False,False,"1,2,3,6,19,38,57,114",True,True,True,1,True,1,2,19,"{[ 339/4, -343/8, 1 ],[ 0, 1, 0 ]}"
"6.19-[1,2,57,114]",6,19,6,114,1,1,"1,2,57,114","2,57,114",4,False,False,"1,2,3,6,19,38,57,114",True,True,True,1,True,0,infinite,19,[]
"6.19-[1,3,19,57]",6,19,6,114,1,1,"1,3,19,57","3,19,57",4,False,False,"1,2,3,6,19,38,57,114",True,True,True,1,True,0,0,19,[]
"6.19-[1,3,38,114]",6,19,6,114,1,1,"1,3,38,114","3,38,114",4,False,False,"1,2,3,6,19,38,57,114",True,True,True,1,True,0,infinite,19,[]
"6.19-[1,6,19,114]",6,19,6,114,1,1,"1,6,19,114","6,19,114",4,False,False,"1,2,3,6,19,38,57,114",True,True,True,1,True,0,infinite,19,[]
"6.19-[1,6,38,57]",6,19,6,114,1,1,"1,6,38,57","6,38,57",4,False,False,"1,2,3,6,19,38,57,114",True,True,True,1,True,1,2,19,"{[ 43/4, -43/8, 1 ],[ 0, 1, 0 ]}"
"6.19-[1,2,3,6,19,38,57,114]",6,19,6,114,1,1,"1,2,3,6,19,38,57,114","2,3,6,19,38,57,114",8,False,True,"1,2,3,6,19,38,57,114",True,True,True,1,True,0,infinite,19,[]
6.29-[1],6,29,6,174,1,1,1,,1,True,False,"1,2,3,6,29,58,87,174",True,True,True,1,True,5,0,29,{}
"6.29-[1,2]",6,29,6,174,1,1,"1,2",2,2,False,False,"1,2,3,6,29,58,87,174",True,True,True,1,True,2,0,29,{}
"6.29-[1,3]",6,29,6,174,1,1,"1,3",3,2,False,False,"1,2,3,6,29,58,87,174",True,True,True,1,True,3,0,29,{}
"6.29-[1,6]",6,29,6,174,1,1,"1,6",6,2,False,False,"1,2,3,6,29,58,87,174",True,True,True,1,True,2,0,29,{}
"6.29-[1,29]",6,29,6,174,1,1,"1,29",29,2,False,False,"1,2,3,6,29,58,87,174",True,True,True,1,True,3,0,29,{}
"6.29-[1,58]",6,29,6,174,1,1,"1,58",58,2,False,False,"1,2,3,6,29,58,87,174",True,True,True,1,True,2,0,29,{}
"6.29-[1,87]",6,29,6,174,1,1,"1,87",87,2,False,False,"1,2,3,6,29,58,87,174",True,True,True,1,True,3,2,29,"{[ -1, 2, 2 ],[ 1, -1, 1 ]}"
"6.29-[1,174]",6,29,6,174,1,1,"1,174",174,2,False,False,"1,2,3,6,29,58,87,174",True,True,True,1,True,0,infinite,29,[]
"6.29-[1,2,3,6]",6,29,6,174,1,1,"1,2,3,6","2,3,6",4,False,False,"1,2,3,6,29,58,87,174",True,True,True,1,True,1,1,29,"{[ 0, 1, 0 ]}"
"6.29-[1,2,29,58]",6,29,6,174,1,1,"1,2,29,58","2,29,58",4,False,False,"1,2,3,6,29,58,87,174",True,True,True,1,True,1,1,29,"{[ 0, 1, 0 ]}"
"6.29-[1,2,87,174]",6,29,6,174,1,1,"1,2,87,174","2,87,174",4,False,False,"1,2,3,6,29,58,87,174",True,True,True,1,True,0,infinite,29,[]
"6.29-[1,3,29,87]",6,29,6,174,1,1,"1,3,29,87","3,29,87",4,False,False,"1,2,3,6,29,58,87,174",True,True,True,1,True,2,3,29,"{[ 0, 0, 1 ],[ 9, -612, 8 ],[ 1, 0, 0 ]}"
"6.29-[1,3,58,174]",6,29,6,174,1,1,"1,3,58,174","3,58,174",4,False,False,"1,2,3,6,29,58,87,174",True,True,True,1,True,0,infinite,29,[]
"6.29-[1,6,29,174]",6,29,6,174,1,1,"1,6,29,174","6,29,174",4,False,False,"1,2,3,6,29,58,87,174",True,True,True,1,True,0,infinite,29,[]
"6.29-[1,6,58,87]",6,29,6,174,1,1,"1,6,58,87","6,58,87",4,False,False,"1,2,3,6,29,58,87,174",True,True,True,1,True,1,1,29,"{[ 0, 1, 0 ]}"
"6.29-[1,2,3,6,29,58,87,174]",6,29,6,174,1,1,"1,2,3,6,29,58,87,174","2,3,6,29,58,87,174",8,False,True,"1,2,3,6,29,58,87,174",True,True,True,1,True,0,infinite,29,[]
6.31-[1],6,31,6,186,1,1,1,,1,True,False,"1,2,3,6,31,62,93,186",True,True,True,1,True,5,0,31,{}
"6.31-[1,2]",6,31,6,186,1,1,"1,2",2,2,False,False,"1,2,3,6,31,62,93,186",True,True,True,1,True,3,0,31,{}
"6.31-[1,3]",6,31,6,186,1,1,"1,3",3,2,False,False,"1,2,3,6,31,62,93,186",True,True,True,1,True,2,0,31,{}
"6.31-[1,6]",6,31,6,186,1,1,"1,6",6,2,False,False,"1,2,3,6,31,62,93,186",True,True,True,1,True,2,0,31,{}
"6.31-[1,31]",6,31,6,186,1,1,"1,31",31,2,False,False,"1,2,3,6,31,62,93,186",True,True,True,1,True,3,0,31,{}
"6.31-[1,62]",6,31,6,186,1,1,"1,62",62,2,False,False,"1,2,3,6,31,62,93,186",True,True,True,1,True,3,2,31,"{[ 3, -300, 5 ],[ -1, 0, 1 ]}"
"6.31-[1,93]",6,31,6,186,1,1,"1,93",93,2,False,False,"1,2,3,6,31,62,93,186",True,True,True,1,True,2,0,31,{}
"6.31-[1,186]",6,31,6,186,1,1,"1,186",186,2,False,False,"1,2,3,6,31,62,93,186",True,True,True,1,True,0,infinite,31,[]
"6.31-[1,2,3,6]",6,31,6,186,1,1,"1,2,3,6","2,3,6",4,False,False,"1,2,3,6,31,62,93,186",True,True,True,1,True,1,1,31,"{[ 0, 1, 0 ]}"
"6.31-[1,2,31,62]",6,31,6,186,1,1,"1,2,31,62","2,31,62",4,False,False,"1,2,3,6,31,62,93,186",True,True,True,1,True,2,3,31,"{[ 3, -6, 1 ],[ 1, 0, 0 ],[ -7, -42, 3 ]}"
"6.31-[1,2,93,186]",6,31,6,186,1,1,"1,2,93,186","2,93,186",4,False,False,"1,2,3,6,31,62,93,186",True,True,True,1,True,0,infinite,31,[]
"6.31-[1,3,31,93]",6,31,6,186,1,1,"1,3,31,93","3,31,93",4,False,False,"1,2,3,6,31,62,93,186",True,True,True,1,True,1,1,31,"{[ 0, 1, 0 ]}"
"6.31-[1,3,62,186]",6,31,6,186,1,1,"1,3,62,186","3,62,186",4,False,False,"1,2,3,6,31,62,93,186",True,True,True,1,True,0,infinite,31,[]
"6.31-[1,6,31,186]",6,31,6,186,1,1,"1,6,31,186","6,31,186",4,False,False,"1,2,3,6,31,62,93,186",True,True,True,1,True,0,infinite,31,[]
"6.31-[1,6,62,93]",6,31,6,186,1,1,"1,6,62,93","6,62,93",4,False,False,"1,2,3,6,31,62,93,186",True,True,True,1,True,1,1,31,"{[ 0, 1, 0 ]}"
"6.31-[1,2,3,6,31,62,93,186]",6,31,6,186,1,1,"1,2,3,6,31,62,93,186","2,3,6,31,62,93,186",8,False,True,"1,2,3,6,31,62,93,186",True,True,True,1,True,0,infinite,31,[]
6.37-[1],6,37,6,222,1,1,1,,1,True,False,"1,2,3,6,37,74,111,222",True,True,True,1,True,5,0,37,{}
"6.37-[1,2]",6,37,6,222,1,1,"1,2",2,2,False,False,"1,2,3,6,37,74,111,222",True,True,True,1,True,2,0,37,{}
"6.37-[1,3]",6,37,6,222,1,1,"1,3",3,2,False,False,"1,2,3,6,37,74,111,222",True,True,True,1,True,2,0,37,{}
"6.37-[1,6]",6,37,6,222,1,1,"1,6",6,2,False,False,"1,2,3,6,37,74,111,222",True,True,True,1,True,3,0,37,{}
"6.37-[1,37]",6,37,6,222,1,1,"1,37",37,2,False,False,"1,2,3,6,37,74,111,222",True,True,True,1,True,2,0,37,{}
"6.37-[1,74]",6,37,6,222,1,1,"1,74",74,2,False,False,"1,2,3,6,37,74,111,222",True,True,True,1,True,3,2,37,"{[ 4, -34, 1 ],[ -4, 34, 1 ]}"
"6.37-[1,111]",6,37,6,222,1,1,"1,111",111,2,False,False,"1,2,3,6,37,74,111,222",True,True,True,1,True,3,2,37,"{[ -2, -2, 1 ],[ -1, -2, 2 ]}"
"6.37-[1,222]",6,37,6,222,1,1,"1,222",222,2,False,False,"1,2,3,6,37,74,111,222",True,True,True,1,True,0,infinite,37,[]
"6.37-[1,2,3,6]",6,37,6,222,1,1,"1,2,3,6","2,3,6",4,False,False,"1,2,3,6,37,74,111,222",True,True,True,1,True,1,1,37,"{[ 0, 1, 0 ]}"
"6.37-[1,2,37,74]",6,37,6,222,1,1,"1,2,37,74","2,37,74",4,False,False,"1,2,3,6,37,74,111,222",True,True,True,1,True,1,1,37,"{[ 0, 1, 0 ]}"
"6.37-[1,2,111,222]",6,37,6,222,1,1,"1,2,111,222","2,111,222",4,False,False,"1,2,3,6,37,74,111,222",True,True,True,1,True,0,infinite,37,[]
"6.37-[1,3,37,111]",6,37,6,222,1,1,"1,3,37,111","3,37,111",4,False,False,"1,2,3,6,37,74,111,222",True,True,True,1,True,1,1,37,"{[ 0, 1, 0 ]}"
"6.37-[1,3,74,222]",6,37,6,222,1,1,"1,3,74,222","3,74,222",4,False,False,"1,2,3,6,37,74,111,222",True,True,True,1,True,0,infinite,37,[]
"6.37-[1,6,37,222]",6,37,6,222,1,1,"1,6,37,222","6,37,222",4,False,False,"1,2,3,6,37,74,111,222",True,True,True,1,True,0,infinite,37,[]
"6.37-[1,6,74,111]",6,37,6,222,1,1,"1,6,74,111","6,74,111",4,False,False,"1,2,3,6,37,74,111,222",True,True,True,1,True,2,3,37,"{[ -1, 1, 2 ],[ 7, -63, 2 ],[ -1, 0, 1 ]}"
"6.37-[1,2,3,6,37,74,111,222]",6,37,6,222,1,1,"1,2,3,6,37,74,111,222","2,3,6,37,74,111,222",8,False,True,"1,2,3,6,37,74,111,222",True,True,True,1,True,0,infinite,37,[]
10.3-[1],10,3,10,30,1,1,1,,1,True,False,"1,2,3,5,6,10,15,30",True,True,True,1,False,,,,
10.7-[1],10,7,10,70,1,1,1,,1,True,False,"1,2,5,7,10,14,35,70",True,True,True,1,False,,,,
10.11-[1],10,11,10,110,1,1,1,,1,True,False,"1,2,5,10,11,22,55,110",True,True,True,1,True,5,0,11,{}
"10.11-[1,2]",10,11,10,110,1,1,"1,2",2,2,False,False,"1,2,5,10,11,22,55,110",True,True,True,1,True,2,0,11,{}
"10.11-[1,5]",10,11,10,110,1,1,"1,5",5,2,False,False,"1,2,5,10,11,22,55,110",True,True,True,1,True,3,0,11,{}
"10.11-[1,10]",10,11,10,110,1,1,"1,10",10,2,False,False,"1,2,5,10,11,22,55,110",True,True,True,1,True,2,0,11,{}
"10.11-[1,11]",10,11,10,110,1,1,"1,11",11,2,False,False,"1,2,5,10,11,22,55,110",True,True,True,1,True,3,0,11,{}
"10.11-[1,22]",10,11,10,110,1,1,"1,22",22,2,False,False,"1,2,5,10,11,22,55,110",True,True,True,1,True,2,0,11,{}
"10.11-[1,55]",10,11,10,110,1,1,"1,55",55,2,False,False,"1,2,5,10,11,22,55,110",True,True,True,1,True,3,2,11,"{[ -1, 1, 1 ],[ 1, 0, 0 ]}"
"10.11-[1,110]",10,11,10,110,1,1,"1,110",110,2,False,False,"1,2,5,10,11,22,55,110",True,True,True,1,True,0,infinite,11,[]
"10.11-[1,2,5,10]",10,11,10,110,1,1,"1,2,5,10","2,5,10",4,False,False,"1,2,5,10,11,22,55,110",True,True,True,1,True,1,1,11,"{[ 0, 1, 0 ]}"
"10.11-[1,2,11,22]",10,11,10,110,1,1,"1,2,11,22","2,11,22",4,False,False,"1,2,5,10,11,22,55,110",True,True,True,1,True,1,1,11,"{[ 0, 1, 0 ]}"
"10.11-[1,2,55,110]",10,11,10,110,1,1,"1,2,55,110","2,55,110",4,False,False,"1,2,5,10,11,22,55,110",True,True,True,1,True,0,infinite,11,[]
"10.11-[1,5,11,55]",10,11,10,110,1,1,"1,5,11,55","5,11,55",4,False,False,"1,2,5,10,11,22,55,110",True,True,True,1,True,2,3,11,"{[ 0, 0, 1 ],[ 8, -36, 1 ],[ 1, 0, 0 ]}"
"10.11-[1,5,22,110]",10,11,10,110,1,1,"1,5,22,110","5,22,110",4,False,False,"1,2,5,10,11,22,55,110",True,True,True,1,True,0,infinite,11,[]
"10.11-[1,10,11,110]",10,11,10,110,1,1,"1,10,11,110","10,11,110",4,False,False,"1,2,5,10,11,22,55,110",True,True,True,1,True,0,infinite,11,[]
"10.11-[1,10,22,55]",10,11,10,110,1,1,"1,10,22,55","10,22,55",4,False,False,"1,2,5,10,11,22,55,110",True,True,True,1,True,1,3,11,"{[ 4, -8, 1 ],[ 4, 3, 1 ],[ 0, 1, 0 ]}"
"10.11-[1,2,5,10,11,22,55,110]",10,11,10,110,1,1,"1,2,5,10,11,22,55,110","2,5,10,11,22,55,110",8,False,True,"1,2,5,10,11,22,55,110",True,True,True,1,True,0,infinite,11,[]
10.13-[1],10,13,10,130,1,1,1,,1,True,False,"1,2,5,10,13,26,65,130",True,True,True,1,True,3,0,13,{}
"10.13-[1,2]",10,13,10,130,1,1,"1,2",2,2,False,False,"1,2,5,10,13,26,65,130",True,True,True,1,True,2,0,13,{}
"10.13-[1,5]",10,13,10,130,1,1,"1,5",5,2,False,False,"1,2,5,10,13,26,65,130",True,True,True,1,True,2,0,13,{}
"10.13-[1,10]",10,13,10,130,1,1,"1,10",10,2,False,False,"1,2,5,10,13,26,65,130",True,True,True,1,True,1,0,13,{}
"10.13-[1,13]",10,13,10,130,1,1,"1,13",13,2,False,False,"1,2,5,10,13,26,65,130",True,True,True,1,True,1,0,13,{}
"10.13-[1,26]",10,13,10,130,1,1,"1,26",26,2,False,False,"1,2,5,10,13,26,65,130",True,True,True,1,True,2,0,13,{}
"10.13-[1,65]",10,13,10,130,1,1,"1,65",65,2,False,False,"1,2,5,10,13,26,65,130",True,True,True,1,True,0,0,13,[]
"10.13-[1,130]",10,13,10,130,1,1,"1,130",130,2,False,False,"1,2,5,10,13,26,65,130",True,True,True,1,True,1,2,13,NA
"10.13-[1,2,5,10]",10,13,10,130,1,1,"1,2,5,10","2,5,10",4,False,False,"1,2,5,10,13,26,65,130",True,True,True,1,True,1,2,13,"{[ 131/4, -135/8, 1 ],[ 0, 1, 0 ]}"
"10.13-[1,2,13,26]",10,13,10,130,1,1,"1,2,13,26","2,13,26",4,False,False,"1,2,5,10,13,26,65,130",True,True,True,1,True,1,4,13,"{[ 43/4, -47/8, 1 ],[ 27, -144, 1 ],[ 0, 1, 0 ],[ 27, 116, 1 ]}"
"10.13-[1,2,65,130]",10,13,10,130,1,1,"1,2,65,130","2,65,130",4,False,False,"1,2,5,10,13,26,65,130",True,True,True,1,True,0,infinite,13,[]
"10.13-[1,5,13,65]",10,13,10,130,1,1,"1,5,13,65","5,13,65",4,False,False,"1,2,5,10,13,26,65,130",True,True,True,1,True,0,infinite,13,[]
"10.13-[1,5,26,130]",10,13,10,130,1,1,"1,5,26,130","5,26,130",4,False,False,"1,2,5,10,13,26,65,130",True,True,True,1,True,1,2,13,NA
"10.13-[1,10,13,130]",10,13,10,130,1,1,"1,10,13,130","10,13,130",4,False,False,"1,2,5,10,13,26,65,130",True,True,True,1,True,0,infinite,13,[]
"10.13-[1,10,26,65]",10,13,10,130,1,1,"1,10,26,65","10,26,65",4,False,False,"1,2,5,10,13,26,65,130",True,True,True,1,True,0,infinite,13,[]
"10.13-[1,2,5,10,13,26,65,130]",10,13,10,130,1,1,"1,2,5,10,13,26,65,130","2,5,10,13,26,65,130",8,False,True,"1,2,5,10,13,26,65,130",True,True,True,1,True,0,infinite,13,[]
10.19-[1],10,19,10,190,1,1,1,,1,True,False,"1,2,5,10,19,38,95,190",True,True,True,1,True,5,0,19,{}
"10.19-[1,2]",10,19,10,190,1,1,"1,2",2,2,False,False,"1,2,5,10,19,38,95,190",True,True,True,1,True,2,0,19,{}
"10.19-[1,5]",10,19,10,190,1,1,"1,5",5,2,False,False,"1,2,5,10,19,38,95,190",True,True,True,1,True,3,0,19,{}
"10.19-[1,10]",10,19,10,190,1,1,"1,10",10,2,False,False,"1,2,5,10,19,38,95,190",True,True,True,1,True,2,0,19,{}
"10.19-[1,19]",10,19,10,190,1,1,"1,19",19,2,False,False,"1,2,5,10,19,38,95,190",True,True,True,1,True,3,0,19,{}
"10.19-[1,38]",10,19,10,190,1,1,"1,38",38,2,False,False,"1,2,5,10,19,38,95,190",True,True,True,1,True,0,0,19,[]
"10.19-[1,95]",10,19,10,190,1,1,"1,95",95,2,False,False,"1,2,5,10,19,38,95,190",True,True,True,1,True,3,2,19,"{[ 1, 0, 0 ],[ 1, -1, 0 ]}"
"10.19-[1,190]",10,19,10,190,1,1,"1,190",190,2,False,False,"1,2,5,10,19,38,95,190",True,True,True,1,True,2,0,19,[]
"10.19-[1,2,5,10]",10,19,10,190,1,1,"1,2,5,10","2,5,10",4,False,False,"1,2,5,10,19,38,95,190",True,True,True,1,True,1,1,19,"{[ 0, 1, 0 ]}"
"10.19-[1,2,19,38]",10,19,10,190,1,1,"1,2,19,38","2,19,38",4,False,False,"1,2,5,10,19,38,95,190",True,True,True,1,True,0,infinite,19,[]
"10.19-[1,2,95,190]",10,19,10,190,1,1,"1,2,95,190","2,95,190",4,False,False,"1,2,5,10,19,38,95,190",True,True,True,1,True,1,2,19,NA
"10.19-[1,5,19,95]",10,19,10,190,1,1,"1,5,19,95","5,19,95",4,False,False,"1,2,5,10,19,38,95,190",True,True,True,1,True,2,3,19,"{[ 1, 0, 0 ],[ 1, -1, 1 ],[ 3, -132, 8 ]}"
"10.19-[1,5,38,190]",10,19,10,190,1,1,"1,5,38,190","5,38,190",4,False,False,"1,2,5,10,19,38,95,190",True,True,True,1,True,0,infinite,19,[]
"10.19-[1,10,19,190]",10,19,10,190,1,1,"1,10,19,190","10,19,190",4,False,False,"1,2,5,10,19,38,95,190",True,True,True,1,True,1,2,19,NA
"10.19-[1,10,38,95]",10,19,10,190,1,1,"1,10,38,95","10,38,95",4,False,False,"1,2,5,10,19,38,95,190",True,True,True,1,True,0,infinite,19,[]
"10.19-[1,2,5,10,19,38,95,190]",10,19,10,190,1,1,"1,2,5,10,19,38,95,190","2,5,10,19,38,95,190",8,False,True,"1,2,5,10,19,38,95,190",True,True,True,1,True,0,infinite,19,[]
10.23-[1],10,23,10,230,1,1,1,,1,True,False,"1,2,5,10,23,46,115,230",True,True,True,1,True,9,0,23,{}
"10.23-[1,2]",10,23,10,230,1,1,"1,2",2,2,False,False,"1,2,5,10,23,46,115,230",True,True,True,1,True,5,0,23,{}
"10.23-[1,5]",10,23,10,230,1,1,"1,5",5,2,False,False,"1,2,5,10,23,46,115,230",True,True,True,1,True,4,0,23,{}
"10.23-[1,10]",10,23,10,230,1,1,"1,10",10,2,False,False,"1,2,5,10,23,46,115,230",True,True,True,1,True,4,0,23,{}
"10.23-[1,23]",10,23,10,230,1,1,"1,23",23,2,False,False,"1,2,5,10,23,46,115,230",True,True,True,1,True,5,0,23,{}
"10.23-[1,46]",10,23,10,230,1,1,"1,46",46,2,False,False,"1,2,5,10,23,46,115,230",True,True,True,1,True,5,0,23,{}
"10.23-[1,115]",10,23,10,230,1,1,"1,115",115,2,False,False,"1,2,5,10,23,46,115,230",True,True,True,1,True,4,0,23,{}
"10.23-[1,230]",10,23,10,230,1,1,"1,230",230,2,False,False,"1,2,5,10,23,46,115,230",True,True,True,1,True,0,infinite,23,[]
"10.23-[1,2,5,10]",10,23,10,230,1,1,"1,2,5,10","2,5,10",4,False,False,"1,2,5,10,23,46,115,230",True,True,True,1,True,2,1,23,"{[ 3, 0, 1 ]}"
"10.23-[1,2,23,46]",10,23,10,230,1,1,"1,2,23,46","2,23,46",4,False,False,"1,2,5,10,23,46,115,230",True,True,True,1,True,3,0,23,[]
"10.23-[1,2,115,230]",10,23,10,230,1,1,"1,2,115,230","2,115,230",4,False,False,"1,2,5,10,23,46,115,230",True,True,True,1,True,0,infinite,23,[]
"10.23-[1,5,23,115]",10,23,10,230,1,1,"1,5,23,115","5,23,115",4,False,False,"1,2,5,10,23,46,115,230",True,True,True,1,True,2,1,23,"{[ 1, 0, 0 ]}"
"10.23-[1,5,46,230]",10,23,10,230,1,1,"1,5,46,230","5,46,230",4,False,False,"1,2,5,10,23,46,115,230",True,True,True,1,True,0,infinite,23,[]
"10.23-[1,10,23,230]",10,23,10,230,1,1,"1,10,23,230","10,23,230",4,False,False,"1,2,5,10,23,46,115,230",True,True,True,1,True,0,infinite,23,[]
"10.23-[1,10,46,115]",10,23,10,230,1,1,"1,10,46,115","10,46,115",4,False,False,"1,2,5,10,23,46,115,230",True,True,True,1,True,2,1,23,"{[ 1, 0, 0 ]}"
"10.23-[1,2,5,10,23,46,115,230]",10,23,10,230,1,1,"1,2,5,10,23,46,115,230","2,5,10,23,46,115,230",8,False,True,"1,2,5,10,23,46,115,230",True,True,True,1,True,0,infinite,23,[]
14.1-[1],14,1,14,14,1,1,1,,1,True,False,"1,2,7,14",True,True,True,1,False,,,,
14.3-[1],14,3,14,42,1,1,1,,1,True,False,"1,2,3,6,7,14,21,42",True,True,True,1,True,3,0,3,{}
"14.3-[1,2]",14,3,14,42,1,1,"1,2",2,2,False,False,"1,2,3,6,7,14,21,42",True,True,True,1,True,1,0,3,{}
"14.3-[1,3]",14,3,14,42,1,1,"1,3",3,2,False,False,"1,2,3,6,7,14,21,42",True,True,True,1,True,2,0,3,{}
"14.3-[1,6]",14,3,14,42,1,1,"1,6",6,2,False,False,"1,2,3,6,7,14,21,42",True,True,True,1,True,2,0,3,{}
"14.3-[1,7]",14,3,14,42,1,1,"1,7",7,2,False,False,"1,2,3,6,7,14,21,42",True,True,True,1,True,2,0,3,{}
"14.3-[1,14]",14,3,14,42,1,1,"1,14",14,2,False,False,"1,2,3,6,7,14,21,42",True,True,True,1,True,0,0,3,[]
"14.3-[1,21]",14,3,14,42,1,1,"1,21",21,2,False,False,"1,2,3,6,7,14,21,42",True,True,True,1,True,1,6,3,"{[ -49/36, 7/4, -9/4, 1 ],[ 7/9, 0, 0, 1 ],[ 49/36, 7/4, 9/4, 1 ],[ 49/36, -7/4, 9/4, 1 ],[ -7/9, 0, 0, 1 ],[ -49/36, -7/4, -9/4, 1 ]}"
"14.3-[1,42]",14,3,14,42,1,1,"1,42",42,2,False,False,"1,2,3,6,7,14,21,42",True,True,True,1,True,1,6,3,"{[ -7/36, -7/4, -63/4, 1 ],[ 7/36, 7/4, 63/4, 1 ],[ 7/9, 0, 0, 1 ],[ 7/36, -7/4, 63/4, 1 ],[ -7/9, 0, 0, 1 ],[ -7/36, 7/4, -63/4, 1 ]}"
"14.3-[1,2,3,6]",14,3,14,42,1,1,"1,2,3,6","2,3,6",4,False,False,"1,2,3,6,7,14,21,42",True,True,True,1,True,1,2,3,"{[ -77/4, 73/8, 1 ],[ 0, 1, 0 ]}"
"14.3-[1,2,7,14]",14,3,14,42,1,1,"1,2,7,14","2,7,14",4,False,False,"1,2,3,6,7,14,21,42",True,True,True,1,True,0,infinite,3,[]
"14.3-[1,2,21,42]",14,3,14,42,1,1,"1,2,21,42","2,21,42",4,False,False,"1,2,3,6,7,14,21,42",True,True,True,1,True,0,infinite,3,[]
"14.3-[1,3,7,21]",14,3,14,42,1,1,"1,3,7,21","3,7,21",4,False,False,"1,2,3,6,7,14,21,42",True,True,True,1,True,1,6,3,"{[ 10, 19, 1 ],[ 10, -30, 1 ],[ -4, 5, 1 ],[ -9/4, 5/8, 1 ],[ 0, 1, 0 ],[ -4, -2, 1 ]}"
"14.3-[1,3,14,42]",14,3,14,42,1,1,"1,3,14,42","3,14,42",4,False,False,"1,2,3,6,7,14,21,42",True,True,True,1,True,0,infinite,3,[]
"14.3-[1,6,7,42]",14,3,14,42,1,1,"1,6,7,42","6,7,42",4,False,False,"1,2,3,6,7,14,21,42",True,True,True,1,True,1,6,3,"{[ 2, -1, 1 ],[ 2, -2, 1 ],[ 0, -4, 1 ],[ 0, 3, 1 ],[ 0, 1, 0 ],[ 7/4, -11/8, 1 ]}"
"14.3-[1,6,14,21]",14,3,14,42,1,1,"1,6,14,21","6,14,21",4,False,False,"1,2,3,6,7,14,21,42",True,True,True,1,True,0,infinite,3,[]
"14.3-[1,2,3,6,7,14,21,42]",14,3,14,42,1,1,"1,2,3,6,7,14,21,42","2,3,6,7,14,21,42",8,False,True,"1,2,3,6,7,14,21,42",True,True,True,1,True,0,infinite,3,[]
14.5-[1],14,5,14,70,1,1,1,,1,True,False,"1,2,5,7,10,14,35,70",True,True,True,1,True,3,0,5,{}
"14.5-[1,2]",14,5,14,70,1,1,"1,2",2,2,False,False,"1,2,5,7,10,14,35,70",True,True,True,1,True,1,0,5,{}
"14.5-[1,5]",14,5,14,70,1,1,"1,5",5,2,False,False,"1,2,5,7,10,14,35,70",True,True,True,1,True,2,0,5,{}
"14.5-[1,7]",14,5,14,70,1,1,"1,7",7,2,False,False,"1,2,5,7,10,14,35,70",True,True,True,1,True,2,0,5,{}
"14.5-[1,10]",14,5,14,70,1,1,"1,10",10,2,False,False,"1,2,5,7,10,14,35,70",True,True,True,1,True,2,0,5,{}
"14.5-[1,14]",14,5,14,70,1,1,"1,14",14,2,False,False,"1,2,5,7,10,14,35,70",True,True,True,1,True,0,infinite,5,[]
"14.5-[1,35]",14,5,14,70,1,1,"1,35",35,2,False,False,"1,2,5,7,10,14,35,70",True,True,True,1,True,1,2,5,"{[ -1/196, -1/28, -1/4, 1 ],[ 1/196, 1/28, 1/4, 1 ]}"
"14.5-[1,70]",14,5,14,70,1,1,"1,70",70,2,False,False,"1,2,5,7,10,14,35,70",True,True,True,1,True,1,6,5,"{[ -12496225/103388224, 3535/40672, -1/16, 1 ],[ -986049/6461764, 993/2542, -1, 1 ],[ 190969/103388224, -1311/40672, 9/16, 1 ],[ -190969/103388224, 1311/40672, -9/16, 1 ],[ 12496225/103388224, -3535/40672, 1/16, 1 ],[ 986049/6461764, -993/2542, 1, 1 ]}"
"14.5-[1,2,5,10]",14,5,14,70,1,1,"1,2,5,10","2,5,10",4,False,False,"1,2,5,7,10,14,35,70",True,True,True,1,True,1,2,5,"{[ -37/4, 33/8, 1 ],[ 0, 1, 0 ]}"
"14.5-[1,2,7,14]",14,5,14,70,1,1,"1,2,7,14","2,7,14",4,False,False,"1,2,5,7,10,14,35,70",True,True,True,1,True,0,infinite,5,[]
"14.5-[1,2,35,70]",14,5,14,70,1,1,"1,2,35,70","2,35,70",4,False,False,"1,2,5,7,10,14,35,70",True,True,True,1,True,0,infinite,5,[]
"14.5-[1,5,7,35]",14,5,14,70,1,1,"1,5,7,35","5,7,35",4,False,False,"1,2,5,7,10,14,35,70",True,True,True,1,True,1,2,5,"{[ -121/4, 117/8, 1 ],[ 0, 1, 0 ]}"
"14.5-[1,5,14,70]",14,5,14,70,1,1,"1,5,14,70","5,14,70",4,False,False,"1,2,5,7,10,14,35,70",True,True,True,1,True,0,infinite,5,[]
"14.5-[1,7,10,70]",14,5,14,70,1,1,"1,7,10,70","7,10,70",4,False,False,"1,2,5,7,10,14,35,70",True,True,True,1,True,1,6,5,"{[ 2, -1, 1 ],[ 2, -2, 1 ],[ 0, -4, 1 ],[ 0, 3, 1 ],[ 0, 1, 0 ],[ 7/4, -11/8, 1 ]}"
"14.5-[1,10,14,35]",14,5,14,70,1,1,"1,10,14,35","10,14,35",4,False,False,"1,2,5,7,10,14,35,70",True,True,True,1,True,0,infinite,5,[]
"14.5-[1,2,5,7,10,14,35,70]",14,5,14,70,1,1,"1,2,5,7,10,14,35,70","2,5,7,10,14,35,70",8,False,True,"1,2,5,7,10,14,35,70",True,True,True,1,True,0,infinite,5,[]
15.1-[1],15,1,15,15,1,1,1,,1,True,False,"1,3,5,15",True,True,True,1,False,,,,
15.2-[1],15,2,15,30,1,1,1,,1,True,False,"1,2,3,5,6,10,15,30",True,True,True,1,True,3,0,2,{}
"15.2-[1,2]",15,2,15,30,1,1,"1,2",2,2,False,False,"1,2,3,5,6,10,15,30",True,True,True,1,True,2,0,2,{}
"15.2-[1,3]",15,2,15,30,1,1,"1,3",3,2,False,False,"1,2,3,5,6,10,15,30",True,True,True,1,True,1,2,2,"{[ 0, 1, 0 ],[ 5, -3, 1 ]}"
"15.2-[1,5]",15,2,15,30,1,1,"1,5",5,2,False,False,"1,2,3,5,6,10,15,30",True,True,True,1,True,2,4,2,"{[ 1, 0, 1 ],[ -2, 0, 1 ],[ -1, 0, 3 ],[ 1, 0, 0 ]}"
"15.2-[1,6]",15,2,15,30,1,1,"1,6",6,2,False,False,"1,2,3,5,6,10,15,30",True,True,True,1,True,2,0,2,{}
"15.2-[1,10]",15,2,15,30,1,1,"1,10",10,2,False,False,"1,2,3,5,6,10,15,30",True,True,True,1,True,1,0,2,{}
"15.2-[1,15]",15,2,15,30,1,1,"1,15",15,2,False,False,"1,2,3,5,6,10,15,30",True,True,True,1,True,0,infinite,2,[]
"15.2-[1,30]",15,2,15,30,1,1,"1,30",30,2,False,False,"1,2,3,5,6,10,15,30",True,True,True,1,True,1,4,2,"{[ -1/4, -1/4, -1/4, 1 ],[ 1/4, -1/4, 1/4, 1 ],[ 1/4, 1/4, 1/4, 1 ],[ -1/4, 1/4, -1/4, 1 ]}"
"15.2-[1,2,3,6]",15,2,15,30,1,1,"1,2,3,6","2,3,6",4,False,False,"1,2,3,5,6,10,15,30",True,True,True,1,True,1,4,2,"{[ 21, -11, 1 ],[ -11, 5, 1 ],[ -41/4, 37/8, 1 ],[ 0, 1, 0 ]}"
"15.2-[1,2,5,10]",15,2,15,30,1,1,"1,2,5,10","2,5,10",4,False,False,"1,2,3,5,6,10,15,30",True,True,True,1,True,1,8,2,"{[ -2, 3, 1 ],[ 8, -27, 1 ],[ -13/4, 9/8, 1 ],[ 0, 1, 0 ],[ 8, 18, 1 ],[ -2, -2, 1 ],[ 3, -2, 1 ],[ -1, 0, 1 ]}"
"15.2-[1,2,15,30]",15,2,15,30,1,1,"1,2,15,30","2,15,30",4,False,False,"1,2,3,5,6,10,15,30",True,True,True,1,True,0,infinite,2,[]
"15.2-[1,3,5,15]",15,2,15,30,1,1,"1,3,5,15","3,5,15",4,False,False,"1,2,3,5,6,10,15,30",True,True,True,1,True,0,infinite,2,[]
"15.2-[1,3,10,30]",15,2,15,30,1,1,"1,3,10,30","3,10,30",4,False,False,"1,2,3,5,6,10,15,30",True,True,True,1,True,0,infinite,2,[]
"15.2-[1,5,6,30]",15,2,15,30,1,1,"1,5,6,30","5,6,30",4,False,False,"1,2,3,5,6,10,15,30",True,True,True,1,True,1,8,2,"{[ 0, -2, 1 ],[ 1, -1, 1 ],[ -3, 1, 1 ],[ 3/4, -7/8, 1 ],[ 0, 1, 1 ],[ 0, 1, 0 ],[ 2, 1, 1 ],[ 2, -4, 1 ]}"
"15.2-[1,6,10,15]",15,2,15,30,1,1,"1,6,10,15","6,10,15",4,False,False,"1,2,3,5,6,10,15,30",True,True,True,1,True,0,infinite,2,[]
"15.2-[1,2,3,5,6,10,15,30]",15,2,15,30,1,1,"1,2,3,5,6,10,15,30","2,3,5,6,10,15,30",8,False,True,"1,2,3,5,6,10,15,30",True,True,True,1,True,0,infinite,2,[]
15.4-[1],15,4,15,60,1,1,1,,1,True,False,"1,3,4,5,12,15,20,60",True,True,True,1,True,5,0,4,{}
"15.4-[1,3]",15,4,15,60,1,1,"1,3",3,2,False,False,"1,3,4,5,12,15,20,60",True,True,True,1,True,2,0,4,{}
"15.4-[1,4]",15,4,15,60,1,1,"1,4",4,2,False,False,"1,3,4,5,12,15,20,60",True,True,True,1,True,2,6,4,"{[ 0, 0, 1 ],[ 1, -2, 1 ],[ 1, 0, 1 ],[ 1, 0, 0 ],[ 0, -1, 1 ],[ 1, -1, 0 ]}"
"15.4-[1,5]",15,4,15,60,1,1,"1,5",5,2,False,False,"1,3,4,5,12,15,20,60",True,True,True,1,True,3,0,4,{}
"15.4-[1,12]",15,4,15,60,1,1,"1,12",12,2,False,False,"1,3,4,5,12,15,20,60",True,True,True,1,True,3,2,4,"{[ 1, 0, 0 ],[ 1, -1, 0 ]}"
"15.4-[1,15]",15,4,15,60,1,1,"1,15",15,2,False,False,"1,3,4,5,12,15,20,60",True,True,True,1,True,0,0,4,[]
"15.4-[1,20]",15,4,15,60,1,1,"1,20",20,2,False,False,"1,3,4,5,12,15,20,60",True,True,True,1,True,2,0,4,{}
"15.4-[1,60]",15,4,15,60,1,1,"1,60",60,2,False,False,"1,3,4,5,12,15,20,60",True,True,True,1,True,3,0,4,{}
"15.4-[1,3,4,12]",15,4,15,60,1,1,"1,3,4,12","3,4,12",4,False,False,"1,3,4,5,12,15,20,60",True,True,True,1,True,1,6,4,"{[ 3, -8, 1 ],[ 0, 1, 1 ],[ 0, -2, 1 ],[ 0, 1, 0 ],[ 3, 4, 1 ],[ -1, 0, 1 ]}"
"15.4-[1,3,5,15]",15,4,15,60,1,1,"1,3,5,15","3,5,15",4,False,False,"1,3,4,5,12,15,20,60",True,True,True,1,True,0,infinite,4,[]
"15.4-[1,3,20,60]",15,4,15,60,1,1,"1,3,20,60","3,20,60",4,False,False,"1,3,4,5,12,15,20,60",True,True,True,1,True,1,2,4,"{[ 0, 1, 0 ],[ 5, -3, 1 ]}"
"15.4-[1,4,5,20]",15,4,15,60,1,1,"1,4,5,20","4,5,20",4,False,False,"1,3,4,5,12,15,20,60",True,True,True,1,True,1,4,4,"{[ 0, 0, 1 ],[ 0, 1, 0 ],[ 0, -1, 1 ],[ -1, 0, 1 ]}"
"15.4-[1,4,15,60]",15,4,15,60,1,1,"1,4,15,60","4,15,60",4,False,False,"1,3,4,5,12,15,20,60",True,True,True,1,True,0,infinite,4,[]
"15.4-[1,5,12,60]",15,4,15,60,1,1,"1,5,12,60","5,12,60",4,False,False,"1,3,4,5,12,15,20,60",True,True,True,1,True,2,4,4,"{[ 1, 0, 3 ],[ 2, 0, 1 ],[ 1, 0, 0 ],[ -1, 0, 1 ]}"
"15.4-[1,12,15,20]",15,4,15,60,1,1,"1,12,15,20","12,15,20",4,False,False,"1,3,4,5,12,15,20,60",True,True,True,1,True,0,infinite,4,[]
"15.4-[1,3,4,5,12,15,20,60]",15,4,15,60,1,1,"1,3,4,5,12,15,20,60","3,4,5,12,15,20,60",8,False,True,"1,3,4,5,12,15,20,60",True,True,True,1,True,0,infinite,4,[]
21.1-[1],21,1,21,21,1,1,1,,1,True,False,"1,3,7,21",True,True,True,1,False,,,,
21.2-[1],21,2,21,42,1,1,1,,1,True,False,"1,2,3,6,7,14,21,42",True,True,True,1,True,3,0,2,{}
"21.2-[1,2]",21,2,21,42,1,1,"1,2",2,2,False,False,"1,2,3,6,7,14,21,42",True,True,True,1,True,1,0,2,{}
"21.2-[1,3]",21,2,21,42,1,1,"1,3",3,2,False,False,"1,2,3,6,7,14,21,42",True,True,True,1,True,2,2,2,"{[ 1, 0, 2 ],[ 2, 0, 1 ]}"
"21.2-[1,6]",21,2,21,42,1,1,"1,6",6,2,False,False,"1,2,3,6,7,14,21,42",True,True,True,1,True,2,2,2,"{[ 0, 0, 1 ],[ 1, 0, 0 ]}"
"21.2-[1,7]",21,2,21,42,1,1,"1,7",7,2,False,False,"1,2,3,6,7,14,21,42",True,True,True,1,True,0,0,2,[]
"21.2-[1,14]",21,2,21,42,1,1,"1,14",14,2,False,False,"1,2,3,6,7,14,21,42",True,True,True,1,True,2,0,2,{}
"21.2-[1,21]",21,2,21,42,1,1,"1,21",21,2,False,False,"1,2,3,6,7,14,21,42",True,True,True,1,True,1,8,2,"{[ 1, -3, 1 ],[ -1, 3, 1 ],[ -3, 1, 1 ],[ 1, 1, 1 ],[ 5, 9, 1 ],[ 0, 1, 0 ],[ 5, -15, 1 ],[ -1, -3, 1 ]}"
"21.2-[1,42]",21,2,21,42,1,1,"1,42",42,2,False,False,"1,2,3,6,7,14,21,42",True,True,True,1,True,1,4,2,"{[ 0, 0, 1 ],[ 1, 1, 1 ],[ 1, -2, 1 ],[ 0, 1, 0 ]}"
"21.2-[1,2,3,6]",21,2,21,42,1,1,"1,2,3,6","2,3,6",4,False,False,"1,2,3,6,7,14,21,42",True,True,True,1,True,1,4,2,"{[ -17/4, 17/8, 1 ],[ 8, -4, 1 ],[ -4, 2, 1 ],[ 0, 1, 0 ]}"
"21.2-[1,2,7,14]",21,2,21,42,1,1,"1,2,7,14","2,7,14",4,False,False,"1,2,3,6,7,14,21,42",True,True,True,1,True,0,infinite,2,[]
"21.2-[1,2,21,42]",21,2,21,42,1,1,"1,2,21,42","2,21,42",4,False,False,"1,2,3,6,7,14,21,42",True,True,True,1,True,0,infinite,2,[]
"21.2-[1,3,7,21]",21,2,21,42,1,1,"1,3,7,21","3,7,21",4,False,False,"1,2,3,6,7,14,21,42",True,True,True,1,True,0,infinite,2,[]
"21.2-[1,3,14,42]",21,2,21,42,1,1,"1,3,14,42","3,14,42",4,False,False,"1,2,3,6,7,14,21,42",True,True,True,1,True,1,8,2,"{[ -1, -1, 1 ],[ -1, 2, 1 ],[ 5, 8, 1 ],[ 5, -13, 1 ],[ 0, 1, 0 ],[ -2, 1, 1 ],[ 2, -1, 1 ],[ -1/4, 1/8, 1 ]}"
"21.2-[1,6,7,42]",21,2,21,42,1,1,"1,6,7,42","6,7,42",4,False,False,"1,2,3,6,7,14,21,42",True,True,True,1,True,0,infinite,2,[]
"21.2-[1,6,14,21]",21,2,21,42,1,1,"1,6,14,21","6,14,21",4,False,False,"1,2,3,6,7,14,21,42",True,True,True,1,True,1,8,2,"{[ 7, 5, 1 ],[ 7, -13, 1 ],[ 5, -3, 1 ],[ -11, 5, 1 ],[ 0, 1, 0 ],[ 3, 5, 1 ],[ 19/4, -23/8, 1 ],[ 3, -9, 1 ]}"
"21.2-[1,2,3,6,7,14,21,42]",21,2,21,42,1,1,"1,2,3,6,7,14,21,42","2,3,6,7,14,21,42",8,False,True,"1,2,3,6,7,14,21,42",True,True,True,1,True,0,infinite,2,[]
22.3-[1],22,3,22,66,1,1,1,,1,True,False,"1,2,3,6,11,22,33,66",True,True,True,1,True,3,0,3,{}
"22.3-[1,2]",22,3,22,66,1,1,"1,2",2,2,False,False,"1,2,3,6,11,22,33,66",True,True,True,1,True,2,0,3,{}
"22.3-[1,3]",22,3,22,66,1,1,"1,3",3,2,False,False,"1,2,3,6,11,22,33,66",True,True,True,1,True,1,0,3,{}
"22.3-[1,6]",22,3,22,66,1,1,"1,6",6,2,False,False,"1,2,3,6,11,22,33,66",True,True,True,1,True,2,2,3,"{[ 0, 0, 1 ],[ 1, 0, 0 ]}"
"22.3-[1,11]",22,3,22,66,1,1,"1,11",11,2,False,False,"1,2,3,6,11,22,33,66",True,True,True,1,True,1,0,3,{}
"22.3-[1,22]",22,3,22,66,1,1,"1,22",22,2,False,False,"1,2,3,6,11,22,33,66",True,True,True,1,True,2,6,3,"{[ 3, -19, 2 ],[ 0, 1, 1 ],[ 0, -2, 1 ],[ 1, -3, 1 ],[ -1, -3, 2 ],[ 1, 0, 1 ]}"
"22.3-[1,33]",22,3,22,66,1,1,"1,33",33,2,False,False,"1,2,3,6,11,22,33,66",True,True,True,1,True,1,0,3,{}
"22.3-[1,66]",22,3,22,66,1,1,"1,66",66,2,False,False,"1,2,3,6,11,22,33,66",True,True,True,1,True,0,infinite,3,[]
"22.3-[1,2,3,6]",22,3,22,66,1,1,"1,2,3,6","2,3,6",4,False,False,"1,2,3,6,11,22,33,66",True,True,True,1,True,1,2,3,"{[ 19/4, -23/8, 1 ],[ 0, 1, 0 ]}"
"22.3-[1,2,11,22]",22,3,22,66,1,1,"1,2,11,22","2,11,22",4,False,False,"1,2,3,6,11,22,33,66",True,True,True,1,True,1,10,3,"{[ -17/4, 17/8, 1 ],[ 16, 73, 1 ],[ 4, -35, 1 ],[ -2, -17, 1 ],[ 16, -89, 1 ],[ -2, 19, 1 ],[ 4, 31, 1 ],[ 0, 1, 0 ],[ 70, -629, 1 ],[ 70, 559, 1 ]}"
"22.3-[1,2,33,66]",22,3,22,66,1,1,"1,2,33,66","2,33,66",4,False,False,"1,2,3,6,11,22,33,66",True,True,True,1,True,0,infinite,3,[]
"22.3-[1,3,11,33]",22,3,22,66,1,1,"1,3,11,33","3,11,33",4,False,False,"1,2,3,6,11,22,33,66",True,True,True,1,True,0,0,3,[]
"22.3-[1,3,22,66]",22,3,22,66,1,1,"1,3,22,66","3,22,66",4,False,False,"1,2,3,6,11,22,33,66",True,True,True,1,True,0,infinite,3,[]
"22.3-[1,6,11,66]",22,3,22,66,1,1,"1,6,11,66","6,11,66",4,False,False,"1,2,3,6,11,22,33,66",True,True,True,1,True,0,infinite,3,[]
"22.3-[1,6,22,33]",22,3,22,66,1,1,"1,6,22,33","6,22,33",4,False,False,"1,2,3,6,11,22,33,66",True,True,True,1,True,1,6,3,"{[ 6, 13, 1 ],[ 0, 4, 1 ],[ 0, -5, 1 ],[ 6, -20, 1 ],[ -9/4, 5/8, 1 ],[ 0, 1, 0 ]}"
"22.3-[1,2,3,6,11,22,33,66]",22,3,22,66,1,1,"1,2,3,6,11,22,33,66","2,3,6,11,22,33,66",8,False,True,"1,2,3,6,11,22,33,66",True,True,True,1,True,0,infinite,3,[]
22.5-[1],22,5,22,110,1,1,1,,1,True,False,"1,2,5,10,11,22,55,110",True,True,True,1,True,5,0,5,{}
"22.5-[1,2]",22,5,22,110,1,1,"1,2",2,2,False,False,"1,2,5,10,11,22,55,110",True,True,True,1,True,2,0,5,{}
"22.5-[1,5]",22,5,22,110,1,1,"1,5",5,2,False,False,"1,2,5,10,11,22,55,110",True,True,True,1,True,2,0,5,{}
"22.5-[1,10]",22,5,22,110,1,1,"1,10",10,2,False,False,"1,2,5,10,11,22,55,110",True,True,True,1,True,3,2,5,"{[ 0, 0, 1 ],[ 1, 0, 0 ]}"
"22.5-[1,11]",22,5,22,110,1,1,"1,11",11,2,False,False,"1,2,5,10,11,22,55,110",True,True,True,1,True,2,0,5,{}
"22.5-[1,22]",22,5,22,110,1,1,"1,22",22,2,False,False,"1,2,5,10,11,22,55,110",True,True,True,1,True,3,0,5,{}
"22.5-[1,55]",22,5,22,110,1,1,"1,55",55,2,False,False,"1,2,5,10,11,22,55,110",True,True,True,1,True,3,2,5,"{[ 2, -10, 1 ],[ -2, -10, 1 ]}"
"22.5-[1,110]",22,5,22,110,1,1,"1,110",110,2,False,False,"1,2,5,10,11,22,55,110",True,True,True,1,True,0,infinite,5,[]
"22.5-[1,2,5,10]",22,5,22,110,1,1,"1,2,5,10","2,5,10",4,False,False,"1,2,5,10,11,22,55,110",True,True,True,1,True,1,1,5,"{[ 0, 1, 0 ]}"
"22.5-[1,2,11,22]",22,5,22,110,1,1,"1,2,11,22","2,11,22",4,False,False,"1,2,5,10,11,22,55,110",True,True,True,1,True,1,5,5,"{[ 13, -57, 1 ],[ 0, 1, 0 ],[ 3, 3, 1 ],[ 3, -7, 1 ],[ 13, 43, 1 ]}"
"22.5-[1,2,55,110]",22,5,22,110,1,1,"1,2,55,110","2,55,110",4,False,False,"1,2,5,10,11,22,55,110",True,True,True,1,True,0,infinite,5,[]
"22.5-[1,5,11,55]",22,5,22,110,1,1,"1,5,11,55","5,11,55",4,False,False,"1,2,5,10,11,22,55,110",True,True,True,1,True,1,1,5,"{[ 0, 1, 0 ]}"
"22.5-[1,5,22,110]",22,5,22,110,1,1,"1,5,22,110","5,22,110",4,False,False,"1,2,5,10,11,22,55,110",True,True,True,1,True,0,infinite,5,[]
"22.5-[1,10,11,110]",22,5,22,110,1,1,"1,10,11,110","10,11,110",4,False,False,"1,2,5,10,11,22,55,110",True,True,True,1,True,0,infinite,5,[]
"22.5-[1,10,22,55]",22,5,22,110,1,1,"1,10,22,55","10,22,55",4,False,False,"1,2,5,10,11,22,55,110",True,True,True,1,True,2,3,5,"{[ 0, 0, 1 ],[ 4, 0, 1 ],[ 1, 0, 0 ]}"
"22.5-[1,2,5,10,11,22,55,110]",22,5,22,110,1,1,"1,2,5,10,11,22,55,110","2,5,10,11,22,55,110",8,False,True,"1,2,5,10,11,22,55,110",True,True,True,1,True,0,infinite,5,[]
26.1-[1],26,1,26,26,1,1,1,,1,True,False,"1,2,13,26",True,True,True,1,True,2,0,1,{}
"26.1-[1,2]",26,1,26,26,1,1,"1,2",2,2,False,False,"1,2,13,26",True,True,True,1,True,1,1,1,"{[ 0, 1, 0 ]}"
"26.1-[1,13]",26,1,26,26,1,1,"1,13",13,2,False,False,"1,2,13,26",True,True,True,1,True,1,3,1,"{[ 4, -9, 1 ],[ 0, 1, 0 ],[ 4, 4, 1 ]}"
"26.1-[1,26]",26,1,26,26,1,1,"1,26",26,2,False,False,"1,2,13,26",True,True,True,1,True,0,infinite,1,[]
"26.1-[1,2,13,26]",26,1,26,26,1,1,"1,2,13,26","2,13,26",4,False,True,"1,2,13,26",True,True,True,1,True,0,infinite,1,[]
26.3-[1],26,3,26,78,1,1,1,,1,True,False,"1,2,3,6,13,26,39,78",True,True,True,1,True,5,0,3,{}
"26.3-[1,2]",26,3,26,78,1,1,"1,2",2,2,False,False,"1,2,3,6,13,26,39,78",True,True,True,1,True,2,0,3,{}
"26.3-[1,3]",26,3,26,78,1,1,"1,3",3,2,False,False,"1,2,3,6,13,26,39,78",True,True,True,1,True,3,0,3,{}
"26.3-[1,6]",26,3,26,78,1,1,"1,6",6,2,False,False,"1,2,3,6,13,26,39,78",True,True,True,1,True,2,0,3,{}
"26.3-[1,13]",26,3,26,78,1,1,"1,13",13,2,False,False,"1,2,3,6,13,26,39,78",True,True,True,1,True,3,0,3,{}
"26.3-[1,26]",26,3,26,78,1,1,"1,26",26,2,False,False,"1,2,3,6,13,26,39,78",True,True,True,1,True,0,0,3,[]
"26.3-[1,39]",26,3,26,78,1,1,"1,39",39,2,False,False,"1,2,3,6,13,26,39,78",True,True,True,1,True,3,2,3,"{[ 1, 0, 0 ],[ 1, -1, 0 ]}"
"26.3-[1,78]",26,3,26,78,1,1,"1,78",78,2,False,False,"1,2,3,6,13,26,39,78",True,True,True,1,True,2,6,3,"{[ 0, 0, 1 ],[ 1, -2, 1 ],[ 1, 0, 1 ],[ 1, 0, 0 ],[ 0, -1, 1 ],[ 1, -1, 0 ]}"
"26.3-[1,2,3,6]",26,3,26,78,1,1,"1,2,3,6","2,3,6",4,False,False,"1,2,3,6,13,26,39,78",True,True,True,1,True,1,1,3,"{[ 0, 1, 0 ]}"
"26.3-[1,2,13,26]",26,3,26,78,1,1,"1,2,13,26","2,13,26",4,False,False,"1,2,3,6,13,26,39,78",True,True,True,1,True,0,infinite,3,[]
"26.3-[1,2,39,78]",26,3,26,78,1,1,"1,2,39,78","2,39,78",4,False,False,"1,2,3,6,13,26,39,78",True,True,True,1,True,1,7,3,"{[ 3, -6, 1 ],[ -1, 2, 1 ],[ 1, -2, 1 ],[ 0, 1, 0 ],[ 1, 0, 1 ],[ 3, 2, 1 ],[ -1, -2, 1 ]}"
"26.3-[1,3,13,39]",26,3,26,78,1,1,"1,3,13,39","3,13,39",4,False,False,"1,2,3,6,13,26,39,78",True,True,True,1,True,2,5,3,"{[ 0, 0, 1 ],[ 1, 0, 0 ],[ 2, -16, 1 ],[ 3, -132, 8 ],[ 2, 10, 1 ]}"
"26.3-[1,3,26,78]",26,3,26,78,1,1,"1,3,26,78","3,26,78",4,False,False,"1,2,3,6,13,26,39,78",True,True,True,1,True,0,infinite,3,[]
"26.3-[1,6,13,78]",26,3,26,78,1,1,"1,6,13,78","6,13,78",4,False,False,"1,2,3,6,13,26,39,78",True,True,True,1,True,1,3,3,"{[ 0, 0, 1 ],[ 0, 1, 0 ],[ 0, -1, 1 ]}"
"26.3-[1,6,26,39]",26,3,26,78,1,1,"1,6,26,39","6,26,39",4,False,False,"1,2,3,6,13,26,39,78",True,True,True,1,True,0,infinite,3,[]
"26.3-[1,2,3,6,13,26,39,78]",26,3,26,78,1,1,"1,2,3,6,13,26,39,78","2,3,6,13,26,39,78",8,False,True,"1,2,3,6,13,26,39,78",True,True,True,1,True,0,infinite,3,[]
33.1-[1],33,1,33,33,1,1,1,,1,True,False,"1,3,11,33",True,True,True,1,False,,,,
34.1-[1],34,1,34,34,1,1,1,,1,True,False,"1,2,17,34",True,True,True,1,False,,,,
35.1-[1],35,1,35,35,1,1,1,,1,True,False,"1,5,7,35",True,True,True,1,True,3,0,1,{}
"35.1-[1,5]",35,1,35,35,1,1,"1,5",5,2,False,False,"1,5,7,35",True,True,True,1,True,2,3,1,"{[ -1, -1, 1 ],[ 3, -50, 4 ],[ 1, 0, 0 ]}"
"35.1-[1,7]",35,1,35,35,1,1,"1,7",7,2,False,False,"1,5,7,35",True,True,True,1,True,1,3,1,"{[ 1, 3, 1 ],[ 0, 1, 0 ],[ 1, -4, 1 ]}"
"35.1-[1,35]",35,1,35,35,1,1,"1,35",35,2,False,False,"1,5,7,35",True,True,True,1,True,0,infinite,1,[]
"35.1-[1,5,7,35]",35,1,35,35,1,1,"1,5,7,35","5,7,35",4,False,True,"1,5,7,35",True,True,True,1,True,0,infinite,1,[]
38.1-[1],38,1,38,38,1,1,1,,1,True,False,"1,2,19,38",True,True,True,1,True,2,0,1,{}
"38.1-[1,2]",38,1,38,38,1,1,"1,2",2,2,False,False,"1,2,19,38",True,True,True,1,True,1,1,1,"{[ 0, 1, 0 ]}"
"38.1-[1,19]",38,1,38,38,1,1,"1,19",19,2,False,False,"1,2,19,38",True,True,True,1,True,1,3,1,"{[ 0, -10, 1 ],[ 0, 1, 0 ],[ 0, 9, 1 ]}"
"38.1-[1,38]",38,1,38,38,1,1,"1,38",38,2,False,False,"1,2,19,38",True,True,True,1,True,0,infinite,1,[]
"38.1-[1,2,19,38]",38,1,38,38,1,1,"1,2,19,38","2,19,38",4,False,True,"1,2,19,38",True,True,True,1,True,0,infinite,1,[]
39.1-[1],39,1,39,39,1,1,1,,1,True,False,"1,3,13,39",True,True,True,1,True,3,0,1,{}
"39.1-[1,3]",39,1,39,39,1,1,"1,3",3,2,False,False,"1,3,13,39",True,True,True,1,True,2,0,1,{}
"39.1-[1,13]",39,1,39,39,1,1,"1,13",13,2,False,False,"1,3,13,39",True,True,True,2,True,1,0,1,{}
"39.1-[1,39]",39,1,39,39,1,1,"1,39",39,2,False,False,"1,3,13,39",True,True,True,1,True,0,infinite,1,[]
"39.1-[1,3,13,39]",39,1,39,39,1,1,"1,3,13,39","3,13,39",4,False,True,"1,3,13,39",True,True,True,1,True,0,infinite,1,[]
39.2-[1],39,2,39,78,1,1,1,,1,True,False,"1,2,3,6,13,26,39,78",True,True,True,1,True,7,0,2,{}
"39.2-[1,2]",39,2,39,78,1,1,"1,2",2,2,False,False,"1,2,3,6,13,26,39,78",True,True,True,1,True,4,0,2,{}
"39.2-[1,3]",39,2,39,78,1,1,"1,3",3,2,False,False,"1,2,3,6,13,26,39,78",True,True,True,1,True,4,0,2,{}
"39.2-[1,6]",39,2,39,78,1,1,"1,6",6,2,False,False,"1,2,3,6,13,26,39,78",True,True,True,1,True,3,4,2,"{[ 0, 0, 1 ],[ 1, 0, 0 ],[ 0, -1, 1 ],[ 1, -1, 0 ]}"
"39.2-[1,13]",39,2,39,78,1,1,"1,13",13,2,False,False,"1,2,3,6,13,26,39,78",True,True,True,1,True,3,0,2,{}
"39.2-[1,26]",39,2,39,78,1,1,"1,26",26,2,False,False,"1,2,3,6,13,26,39,78",True,True,True,1,True,4,0,2,{}
"39.2-[1,39]",39,2,39,78,1,1,"1,39",39,2,False,False,"1,2,3,6,13,26,39,78",True,True,True,1,True,0,infinite,2,[]
"39.2-[1,78]",39,2,39,78,1,1,"1,78",78,2,False,False,"1,2,3,6,13,26,39,78",True,True,True,1,True,3,0,2,{}
"39.2-[1,2,3,6]",39,2,39,78,1,1,"1,2,3,6","2,3,6",4,False,False,"1,2,3,6,13,26,39,78",True,True,True,1,True,2,6,2,"{[ 0, 0, 1 ],[ -1, -1, 1 ],[ -1, 2, 1 ],[ -4, 26, 1 ],[ 1, 0, 0 ],[ 1, -1, 0 ]}"
"39.2-[1,2,13,26]",39,2,39,78,1,1,"1,2,13,26","2,13,26",4,False,False,"1,2,3,6,13,26,39,78",True,True,True,1,True,2,2,2,"{[ 0, 0, 1 ],[ 8, -676, 7 ]}"
"39.2-[1,2,39,78]",39,2,39,78,1,1,"1,2,39,78","2,39,78",4,False,False,"1,2,3,6,13,26,39,78",True,True,True,1,True,0,infinite,2,[]
"39.2-[1,3,13,39]",39,2,39,78,1,1,"1,3,13,39","3,13,39",4,False,False,"1,2,3,6,13,26,39,78",True,True,True,1,True,0,infinite,2,[]
"39.2-[1,3,26,78]",39,2,39,78,1,1,"1,3,26,78","3,26,78",4,False,False,"1,2,3,6,13,26,39,78",True,True,True,1,True,2,2,2,"{[ 0, 0, 1 ],[ -4, 26, 1 ]}"
"39.2-[1,6,13,78]",39,2,39,78,1,1,"1,6,13,78","6,13,78",4,False,False,"1,2,3,6,13,26,39,78",True,True,True,1,True,1,2,2,"{[ -2, 0, 0, 1 ],[ 2, 0, 0, 1 ]}"
"39.2-[1,6,26,39]",39,2,39,78,1,1,"1,6,26,39","6,26,39",4,False,False,"1,2,3,6,13,26,39,78",True,True,True,1,True,0,infinite,2,[]
"39.2-[1,2,3,6,13,26,39,78]",39,2,39,78,1,1,"1,2,3,6,13,26,39,78","2,3,6,13,26,39,78",8,False,True,"1,2,3,6,13,26,39,78",True,True,True,1,True,0,infinite,2,[]
46.1-[1],46,1,46,46,1,1,1,,1,True,False,"1,2,23,46",True,True,True,1,False,,,,
51.1-[1],51,1,51,51,1,1,1,,1,True,False,"1,3,17,51",True,True,True,1,True,3,0,1,{}
"51.1-[1,3]",51,1,51,51,1,1,"1,3",3,2,False,False,"1,3,17,51",True,True,True,1,True,1,1,1,"{[ 0, 1, 0 ]}"
"51.1-[1,17]",51,1,51,51,1,1,"1,17",17,2,False,False,"1,3,17,51",True,True,True,1,True,2,3,1,"{[ 0, 0, 1 ],[ -4, 34, 1 ],[ -3, 15, 1 ]}"
"51.1-[1,51]",51,1,51,51,1,1,"1,51",51,2,False,False,"1,3,17,51",True,True,True,1,True,0,infinite,1,[]
"51.1-[1,3,17,51]",51,1,51,51,1,1,"1,3,17,51","3,17,51",4,False,True,"1,3,17,51",True,True,True,1,True,0,infinite,1,[]
55.1-[1],55,1,55,55,1,1,1,,1,True,False,"1,5,11,55",True,True,True,1,True,3,0,1,{}
"55.1-[1,5]",55,1,55,55,1,1,"1,5",5,2,False,False,"1,5,11,55",True,True,True,2,True,1,0,1,{}
"55.1-[1,11]",55,1,55,55,1,1,"1,11",11,2,False,False,"1,5,11,55",True,True,True,1,True,2,0,1,{}
"55.1-[1,55]",55,1,55,55,1,1,"1,55",55,2,False,False,"1,5,11,55",True,True,True,1,True,0,infinite,1,[]
"55.1-[1,5,11,55]",55,1,55,55,1,1,"1,5,11,55","5,11,55",4,False,True,"1,5,11,55",True,True,True,1,True,0,infinite,1,[]
57.1-[1],57,1,57,57,1,1,1,,1,True,False,"1,3,19,57",True,True,True,1,True,3,0,1,{}
"57.1-[1,3]",57,1,57,57,1,1,"1,3",3,2,False,False,"1,3,19,57",True,True,True,1,True,2,1,1,"{[ -1, 1, 1 ]}"
"57.1-[1,19]",57,1,57,57,1,1,"1,19",19,2,False,False,"1,3,19,57",True,True,True,1,True,0,0,1,[]
"57.1-[1,57]",57,1,57,57,1,1,"1,57",57,2,False,False,"1,3,19,57",True,True,True,1,True,1,2,1,NA
"57.1-[1,3,19,57]",57,1,57,57,1,1,"1,3,19,57","3,19,57",4,False,True,"1,3,19,57",True,True,True,1,True,0,infinite,1,[]
58.1-[1],58,1,58,58,1,1,1,,1,True,False,"1,2,29,58",True,True,True,1,True,2,0,1,{}
"58.1-[1,2]",58,1,58,58,1,1,"1,2",2,2,False,False,"1,2,29,58",True,True,True,1,True,1,1,1,"{[ 0, 1, 0 ]}"
"58.1-[1,29]",58,1,58,58,1,1,"1,29",29,2,False,False,"1,2,29,58",True,True,True,1,True,0,infinite,1,[]
"58.1-[1,58]",58,1,58,58,1,1,"1,58",58,2,False,False,"1,2,29,58",True,True,True,1,True,1,2,1,NA
"58.1-[1,2,29,58]",58,1,58,58,1,1,"1,2,29,58","2,29,58",4,False,True,"1,2,29,58",True,True,True,1,True,0,infinite,1,[]
62.1-[1],62,1,62,62,1,1,1,,1,True,False,"1,2,31,62",True,True,True,1,True,3,0,1,{}
"62.1-[1,2]",62,1,62,62,1,1,"1,2",2,2,False,False,"1,2,31,62",True,True,True,2,True,1,0,1,{}
"62.1-[1,31]",62,1,62,62,1,1,"1,31",31,2,False,False,"1,2,31,62",True,True,True,1,True,2,2,1,"{[ 1, 0, 0 ],[ -1, 0, 1 ]}"
"62.1-[1,62]",62,1,62,62,1,1,"1,62",62,2,False,False,"1,2,31,62",True,True,True,1,True,0,infinite,1,[]
"62.1-[1,2,31,62]",62,1,62,62,1,1,"1,2,31,62","2,31,62",4,False,True,"1,2,31,62",True,True,True,1,True,0,infinite,1,[]
69.1-[1],69,1,69,69,1,1,1,,1,True,False,"1,3,23,69",True,True,True,1,True,3,0,1,{}
"69.1-[1,3]",69,1,69,69,1,1,"1,3",3,2,False,False,"1,3,23,69",True,True,True,2,True,1,0,1,{}
"69.1-[1,23]",69,1,69,69,1,1,"1,23",23,2,False,False,"1,3,23,69",True,True,True,1,True,2,2,1,"{[ 1, -10, 4 ],[ 1, 0, 0 ]}"
"69.1-[1,69]",69,1,69,69,1,1,"1,69",69,2,False,False,"1,3,23,69",True,True,True,1,True,0,infinite,1,[]
"69.1-[1,3,23,69]",69,1,69,69,1,1,"1,3,23,69","3,23,69",4,False,True,"1,3,23,69",True,True,True,1,True,0,infinite,1,[]
74.1-[1],74,1,74,74,1,1,1,,1,True,False,"1,2,37,74",True,True,True,1,True,4,0,1,{}
"74.1-[1,2]",74,1,74,74,1,1,"1,2",2,2,False,False,"1,2,37,74",True,True,True,1,True,2,1,1,"{[ -5, -15, 3 ]}"
"74.1-[1,37]",74,1,74,74,1,1,"1,37",37,2,False,False,"1,2,37,74",True,True,True,1,True,2,1,1,"{[ 0, 0, 1 ]}"
"74.1-[1,74]",74,1,74,74,1,1,"1,74",74,2,False,False,"1,2,37,74",True,True,True,1,True,0,infinite,1,[]
"74.1-[1,2,37,74]",74,1,74,74,1,1,"1,2,37,74","2,37,74",4,False,True,"1,2,37,74",True,True,True,1,True,0,infinite,1,[]
"77.1-[1,11]",77,1,77,77,1,1,"1,11",11,2,False,False,"1,7,11,77",True,True,True,1,False,,,,
"77.1-[1,17]",77,1,77,77,1,1,"1,17",17,2,False,False,"1,7,11,77",False,True,True,1,False,,,,
82.1-[1],82,1,82,82,1,1,1,,1,True,False,"1,2,41,82",True,True,True,1,True,3,0,1,{}
"82.1-[1,2]",82,1,82,82,1,1,"1,2",2,2,False,False,"1,2,41,82",True,True,True,1,True,2,0,1,{}
"82.1-[1,41]",82,1,82,82,1,1,"1,41",41,2,False,False,"1,2,41,82",True,True,True,1,True,0,0,1,[]
"82.1-[1,82]",82,1,82,82,1,1,"1,82",82,2,False,False,"1,2,41,82",True,True,True,1,True,1,2,1,NA
"82.1-[1,2,41,82]",82,1,82,82,1,1,"1,2,41,82","2,41,82",4,False,True,"1,2,41,82",True,True,True,1,True,0,infinite,1,[]
"85.1-[1,2]",85,1,85,85,1,1,"1,2",2,2,False,False,"1,5,17,85",False,True,True,1,False,,,,
86.1-[1],86,1,86,86,1,1,1,,1,True,False,"1,2,43,86",True,True,True,1,True,4,0,1,{}
"86.1-[1,2]",86,1,86,86,1,1,"1,2",2,2,False,False,"1,2,43,86",True,True,True,1,True,2,1,1,"{[ -3, -3, 1 ]}"
"86.1-[1,43]",86,1,86,86,1,1,"1,43",43,2,False,False,"1,2,43,86",True,True,True,1,True,2,1,1,"{[ 2, -3, 1 ]}"
"86.1-[1,86]",86,1,86,86,1,1,"1,86",86,2,False,False,"1,2,43,86",True,True,True,1,True,0,infinite,1,[]
"86.1-[1,2,43,86]",86,1,86,86,1,1,"1,2,43,86","2,43,86",4,False,True,"1,2,43,86",True,True,True,1,True,0,infinite,1,[]
87.1-[1],87,1,87,87,1,1,1,,1,True,False,"1,3,29,87",True,True,True,1,True,5,0,1,{}
"87.1-[1,3]",87,1,87,87,1,1,"1,3",3,2,False,False,"1,3,29,87",True,True,True,1,True,2,0,1,{}
"87.1-[1,29]",87,1,87,87,1,1,"1,29",29,2,False,False,"1,3,29,87",True,True,True,1,True,3,0,1,[]
"87.1-[1,87]",87,1,87,87,1,1,"1,87",87,2,False,False,"1,3,29,87",True,True,True,1,True,0,infinite,1,[]
"87.1-[1,3,29,87]",87,1,87,87,1,1,"1,3,29,87","3,29,87",4,False,True,"1,3,29,87",True,True,True,1,True,0,infinite,1,[]
"91.1-[1,91]",91,1,91,91,1,1,"1,91",91,2,False,False,"1,7,13,91",True,True,True,1,False,,,,
93.1-[1],93,1,93,93,1,1,1,,1,True,False,"1,3,31,93",True,True,True,1,True,5,0,1,{}
"93.1-[1,3]",93,1,93,93,1,1,"1,3",3,2,False,False,"1,3,31,93",True,True,True,1,True,3,0,1,{}
"93.1-[1,31]",93,1,93,93,1,1,"1,31",31,2,False,False,"1,3,31,93",True,True,True,1,True,0,0,1,[]
"93.1-[1,93]",93,1,93,93,1,1,"1,93",93,2,False,False,"1,3,31,93",True,True,True,1,True,2,0,1,[]
"93.1-[1,3,31,93]",93,1,93,93,1,1,"1,3,31,93","3,31,93",4,False,True,"1,3,31,93",True,True,True,1,True,0,infinite,1,[]
94.1-[1],94,1,94,94,1,1,1,,1,True,False,"1,2,47,94",True,True,True,1,True,3,0,1,{}
"94.1-[1,2]",94,1,94,94,1,1,"1,2",2,2,False,False,"1,2,47,94",True,True,True,1,True,1,0,1,{}
"94.1-[1,47]",94,1,94,94,1,1,"1,47",47,2,False,False,"1,2,47,94",True,True,True,1,True,2,2,1,"{[ 1, 0, 0 ],[ -2, -1, 1 ]}"
"94.1-[1,89]",94,1,94,94,1,1,"1,89",89,2,False,False,"1,2,47,94",False,True,True,1,False,,,,
"94.1-[1,94]",94,1,94,94,1,1,"1,94",94,2,False,False,"1,2,47,94",True,True,True,1,True,0,infinite,1,[]
"94.1-[1,2,47,94]",94,1,94,94,1,1,"1,2,47,94","2,47,94",4,False,True,"1,2,47,94",True,True,True,1,True,0,infinite,1,[]
95.1-[1],95,1,95,95,1,1,1,,1,True,False,"1,5,19,95",True,True,True,1,True,7,0,1,{}
"95.1-[1,5]",95,1,95,95,1,1,"1,5",5,2,False,False,"1,5,19,95",True,True,True,1,True,3,0,1,{}
"95.1-[1,19]",95,1,95,95,1,1,"1,19",19,2,False,False,"1,5,19,95",True,True,True,1,True,4,0,1,{}
"95.1-[1,95]",95,1,95,95,1,1,"1,95",95,2,False,False,"1,5,19,95",True,True,True,1,True,0,infinite,1,[]
"95.1-[1,5,19,95]",95,1,95,95,1,1,"1,5,19,95","5,19,95",4,False,True,"1,5,19,95",True,True,True,1,True,0,infinite,1,[]
111.1-[1],111,1,111,111,1,1,1,,1,True,False,"1,3,37,111",True,True,True,1,True,7,0,1,{}
"111.1-[1,3]",111,1,111,111,1,1,"1,3",3,2,False,False,"1,3,37,111",True,True,True,1,True,4,0,1,{}
"111.1-[1,37]",111,1,111,111,1,1,"1,37",37,2,False,False,"1,3,37,111",True,True,True,1,True,3,0,1,{}
"111.1-[1,111]",111,1,111,111,1,1,"1,111",111,2,False,False,"1,3,37,111",True,True,True,1,True,0,infinite,1,[]
"111.1-[1,3,37,111]",111,1,111,111,1,1,"1,3,37,111","3,37,111",4,False,True,"1,3,37,111",True,True,True,1,True,0,infinite,1,[]
119.1-[1],119,1,119,119,1,1,1,,1,True,False,"1,7,17,119",True,True,True,1,True,9,0,1,{}
"119.1-[1,7]",119,1,119,119,1,1,"1,7",7,2,False,False,"1,7,17,119",True,True,True,1,True,4,0,1,{}
"119.1-[1,17]",119,1,119,119,1,1,"1,17",17,2,False,False,"1,7,17,119",True,True,True,1,True,5,0,1,[]
"119.1-[1,119]",119,1,119,119,1,1,"1,119",119,2,False,False,"1,7,17,119",True,True,True,1,True,0,infinite,1,[]
"119.1-[1,7,17,119]",119,1,119,119,1,1,"1,7,17,119","7,17,119",4,False,True,"1,7,17,119",True,True,True,1,True,0,infinite,1,[]
"123.1-[1,123]",123,1,123,123,1,1,"1,123",123,2,False,False,"1,3,41,123",True,True,True,1,False,,,,
134.1-[1],134,1,134,134,1,1,1,,1,True,False,"1,2,67,134",True,True,True,1,True,6,0,1,{}
"134.1-[1,2]",134,1,134,134,1,1,"1,2",2,2,False,False,"1,2,67,134",True,True,True,1,True,3,0,1,[]
"134.1-[1,67]",134,1,134,134,1,1,"1,67",67,2,False,False,"1,2,67,134",True,True,True,1,True,3,0,1,[]
"134.1-[1,134]",134,1,134,134,1,1,"1,134",134,2,False,False,"1,2,67,134",True,True,True,1,True,0,infinite,1,[]
"134.1-[1,2,67,134]",134,1,134,134,1,1,"1,2,67,134","2,67,134",4,False,True,"1,2,67,134",True,True,True,1,True,0,infinite,1,[]
"141.1-[1,141]",141,1,141,141,1,1,"1,141",141,2,False,False,"1,3,47,141",True,True,True,1,False,,,,
"142.1-[1,2]",142,1,142,142,1,1,"1,2",2,2,False,False,"1,2,71,142",True,True,True,1,False,,,,
"142.1-[1,142]",142,1,142,142,1,1,"1,142",142,2,False,False,"1,2,71,142",True,True,True,1,False,,,,
146.1-[1],146,1,146,146,1,1,1,,1,True,False,"1,2,73,146",True,True,True,1,True,7,0,1,{}
"146.1-[1,2]",146,1,146,146,1,1,"1,2",2,2,False,False,"1,2,73,146",True,True,True,1,True,4,0,1,{}
"146.1-[1,73]",146,1,146,146,1,1,"1,73",73,2,False,False,"1,2,73,146",True,True,True,1,True,3,0,1,{}
"146.1-[1,146]",146,1,146,146,1,1,"1,146",146,2,False,False,"1,2,73,146",True,True,True,1,True,0,infinite,1,[]
"146.1-[1,2,73,146]",146,1,146,146,1,1,"1,2,73,146","2,73,146",4,False,True,"1,2,73,146",True,True,True,1,True,0,infinite,1,[]
"155.1-[1,155]",155,1,155,155,1,1,"1,155",155,2,False,False,"1,5,31,155",True,True,True,1,False,,,,
"158.1-[1,158]",158,1,158,158,1,1,"1,158",158,2,False,False,"1,2,79,158",True,True,True,1,False,,,,
159.1-[1],159,1,159,159,1,1,1,,1,True,False,"1,3,53,159",True,True,True,1,True,9,0,1,{}
"159.1-[1,3]",159,1,159,159,1,1,"1,3",3,2,False,False,"1,3,53,159",True,True,True,1,True,4,0,1,{}
"159.1-[1,53]",159,1,159,159,1,1,"1,53",53,2,False,False,"1,3,53,159",True,True,True,1,True,5,0,1,[]
"159.1-[1,159]",159,1,159,159,1,1,"1,159",159,2,False,False,"1,3,53,159",True,True,True,1,True,0,infinite,1,[]
"159.1-[1,3,53,159]",159,1,159,159,1,1,"1,3,53,159","3,53,159",4,False,True,"1,3,53,159",True,True,True,1,True,0,infinite,1,[]
"178.1-[1,30]",178,1,178,178,1,1,"1,30",30,2,False,False,"1,2,89,178",False,True,True,1,False,,,,
194.1-[1],194,1,194,194,1,1,1,,1,True,False,"1,2,97,194",True,True,True,1,True,9,0,1,{}
"194.1-[1,2]",194,1,194,194,1,1,"1,2",2,2,False,False,"1,2,97,194",True,True,True,1,True,5,0,1,{}
"194.1-[1,97]",194,1,194,194,1,1,"1,97",97,2,False,False,"1,2,97,194",True,True,True,1,True,4,0,1,{}
"194.1-[1,194]",194,1,194,194,1,1,"1,194",194,2,False,False,"1,2,97,194",True,True,True,1,True,0,infinite,1,[]
"194.1-[1,2,97,194]",194,1,194,194,1,1,"1,2,97,194","2,97,194",4,False,True,"1,2,97,194",True,True,True,1,True,0,infinite,1,[]
206.1-[1],206,1,206,206,1,1,1,,1,True,False,"1,2,103,206",True,True,True,1,True,9,0,1,{}
"206.1-[1,2]",206,1,206,206,1,1,"1,2",2,2,False,False,"1,2,103,206",True,True,True,1,True,4,0,1,{}
"206.1-[1,103]",206,1,206,206,1,1,"1,103",103,2,False,False,"1,2,103,206",True,True,True,1,True,5,0,1,[]
"206.1-[1,206]",206,1,206,206,1,1,"1,206",206,2,False,False,"1,2,103,206",True,True,True,1,True,0,infinite,1,[]
"206.1-[1,2,103,206]",206,1,206,206,1,1,"1,2,103,206","2,103,206",4,False,True,"1,2,103,206",True,True,True,1,True,0,infinite,1,[]
"210.1-[1,42]",210,1,210,210,1,1,"1,42",42,2,False,False,"1,2,3,5,6,7,10,14,15,21,30,35,42,70,105,210",True,True,True,1,False,,,,
"210.1-[1,70]",210,1,210,210,1,1,"1,70",70,2,False,False,"1,2,3,5,6,7,10,14,15,21,30,35,42,70,105,210",True,True,True,1,False,,,,
"210.1-[1,105]",210,1,210,210,1,1,"1,105",105,2,False,False,"1,2,3,5,6,7,10,14,15,21,30,35,42,70,105,210",True,True,True,1,False,,,,
"254.1-[1,254]",254,1,254,254,1,1,"1,254",254,2,False,False,"1,2,127,254",True,True,True,1,False,,,,
"326.1-[1,326]",326,1,326,326,1,1,"1,326",326,2,False,False,"1,2,163,326",True,True,True,1,False,,,,
"330.1-[1,3]",330,1,330,330,1,1,"1,3",3,2,False,False,"1,2,3,5,6,10,11,15,22,30,33,55,66,110,165,330",True,True,True,1,False,,,,
"330.1-[1,22]",330,1,330,330,1,1,"1,22",22,2,False,False,"1,2,3,5,6,10,11,15,22,30,33,55,66,110,165,330",True,True,True,1,False,,,,
"330.1-[1,33]",330,1,330,330,1,1,"1,33",33,2,False,False,"1,2,3,5,6,10,11,15,22,30,33,55,66,110,165,330",True,True,True,1,False,,,,
"330.1-[1,165]",330,1,330,330,1,1,"1,165",165,2,False,False,"1,2,3,5,6,10,11,15,22,30,33,55,66,110,165,330",True,True,True,1,False,,,,
"446.1-[1,446]",446,1,446,446,1,1,"1,446",446,2,False,False,"1,2,223,446",True,True,True,1,False,,,,
"462.1-[1,154]",462,1,462,462,1,1,"1,154",154,2,False,False,"1,2,3,6,7,11,14,21,22,33,42,66,77,154,231,462",True,True,True,1,False,,,,
