label,discB,discO,deg_mu,level,index,genus
6.30.1.1.4.1.a.1,6,30,1,1,4,1
6.42.1.1.4.1.a.1,6,42,1,1,4,1
6.66.1.1.2.3.a.1,6,66,1,1,2,3
6.78.1.1.4.1.a.1,6,78,1,1,4,1
6.102.1.1.4.3.a.1,6,102,1,1,4,3
6.114.1.1.2.3.a.1,6,114,1,1,2,3
6.138.1.1.4.5.a.1,6,138,1,1,4,5
6.174.1.1.4.5.a.1,6,174,1,1,4,5
6.186.1.1.2.5.a.1,6,186,1,1,2,5
6.210.1.1.4.9.a.1,6,210,1,1,4,9
6.222.1.1.4.5.a.1,6,222,1,1,4,5
6.246.1.1.2.7.a.1,6,246,1,1,2,7
6.258.1.1.2.7.a.1,6,258,1,1,2,7
6.282.1.1.4.9.a.1,6,282,1,1,4,9
6.318.1.1.4.9.a.1,6,318,1,1,4,9
6.330.1.1.4.13.a.1,6,330,1,1,4,13
6.354.1.1.2.11.a.1,6,354,1,1,2,11
6.366.1.1.4.9.a.1,6,366,1,1,4,9
6.390.1.1.2.13.a.1,6,390,1,1,2,13
10.1.1.4.0.a.1,10,10,1,1,4,0
10.30.1.1.4.1.a.1,10,30,1,1,4,1
10.70.1.1.4.1.a.1,10,70,1,1,4,1
10.110.1.1.2.5.a.1,10,110,1,1,2,5
10.130.1.1.4.3.a.1,10,130,1,1,4,3
10.170.1.1.2.7.a.1,10,170,1,1,2,7
10.190.1.1.4.5.a.1,10,190,1,1,4,5
10.210.1.1.4.9.a.1,10,210,1,1,4,9
10.230.1.1.2.9.a.1,10,230,1,1,2,9
10.290.1.1.2.11.a.1,10,290,1,1,2,11
10.310.1.1.4.9.a.1,10,310,1,1,4,9
10.330.1.1.4.17.a.1,10,330,1,1,4,17
10.370.1.1.4.11.a.1,10,370,1,1,4,11
10.390.1.1.4.17.a.1,10,390,1,1,4,17
14.1.1.2.1.a.1,14,14,1,1,2,1
14.42.1.1.4.3.a.1,14,42,1,1,4,3
14.70.1.1.4.3.a.1,14,70,1,1,4,3
14.154.1.1.2.7.a.1,14,154,1,1,2,7
14.182.1.1.2.7.a.1,14,182,1,1,2,7
14.210.1.1.4.13.a.1,14,210,1,1,4,13
14.238.1.1.2.9.a.1,14,238,1,1,2,9
14.266.1.1.4.11.a.1,14,266,1,1,4,11
14.322.1.1.2.13.a.1,14,322,1,1,2,13
15.1.1.4.1.a.1,15,15,1,1,4,1
15.30.1.1.4.3.a.1,15,30,1,1,4,3
15.105.1.1.2.5.a.1,15,105,1,1,2,5
15.165.1.1.4.9.a.1,15,165,1,1,4,9
15.195.1.1.4.9.a.1,15,195,1,1,4,9
15.210.1.1.4.17.a.1,15,210,1,1,4,17
15.255.1.1.4.13.a.1,15,255,1,1,4,13
15.285.1.1.2.13.a.1,15,285,1,1,2,13
15.330.1.1.4.25.a.1,15,330,1,1,4,25
15.345.1.1.2.17.a.1,15,345,1,1,2,17
15.390.1.1.2.29.a.1,15,390,1,1,2,29
21.1.1.2.1.a.1,21,21,1,1,2,1
21.42.1.1.4.3.a.1,21,42,1,1,4,3
21.105.1.1.4.5.a.1,21,105,1,1,4,5
21.210.1.1.4.17.a.1,21,210,1,1,4,17
21.231.1.1.4.13.a.1,21,231,1,1,4,13
21.273.1.1.2.13.a.1,21,273,1,1,2,13
21.357.1.1.4.17.a.1,21,357,1,1,4,17
21.399.1.1.2.21.a.1,21,399,1,1,2,21
22.1.1.4.0.a.1,22,22,1,1,4,0
22.66.1.1.2.3.a.1,22,66,1,1,2,3
22.110.1.1.4.5.a.1,22,110,1,1,4,5
22.154.1.1.4.5.a.1,22,154,1,1,4,5
22.286.1.1.4.9.a.1,22,286,1,1,4,9
22.330.1.1.4.21.a.1,22,330,1,1,4,21
22.374.1.1.2.15.a.1,22,374,1,1,2,15
26.1.1.2.2.a.1,26,26,1,1,2,2
26.78.1.1.4.5.a.1,26,78,1,1,4,5
26.130.1.1.4.7.a.1,26,130,1,1,4,7
26.182.1.1.2.9.a.1,26,182,1,1,2,9
26.286.1.1.4.13.a.1,26,286,1,1,4,13
26.390.1.1.2.25.a.1,26,390,1,1,2,25
33.1.1.2.1.a.1,33,33,1,1,2,1
33.66.1.1.4.5.a.1,33,66,1,1,4,5
33.165.1.1.2.9.a.1,33,165,1,1,2,9
33.231.1.1.2.13.a.1,33,231,1,1,2,13
33.330.1.1.4.29.a.1,33,330,1,1,4,29
34.1.1.2.1.a.1,34,34,1,1,2,1
34.102.1.1.4.5.a.1,34,102,1,1,4,5
34.170.1.1.4.9.a.1,34,170,1,1,4,9
34.238.1.1.2.9.a.1,34,238,1,1,2,9
34.374.1.1.4.17.a.1,34,374,1,1,4,17
35.1.1.2.3.a.1,35,35,1,1,2,3
35.70.1.1.4.7.a.1,35,70,1,1,4,7
35.105.1.1.2.9.a.1,35,105,1,1,2,9
35.210.1.1.4.25.a.1,35,210,1,1,4,25
35.385.1.1.4.25.a.1,35,385,1,1,4,25
38.1.1.4.2.a.1,38,38,1,1,4,2
38.114.1.1.2.7.a.1,38,114,1,1,2,7
38.190.1.1.4.9.a.1,38,190,1,1,4,9
38.266.1.1.4.13.a.1,38,266,1,1,4,13
39.1.1.4.3.a.1,39,39,1,1,4,3
39.78.1.1.4.7.a.1,39,78,1,1,4,7
39.195.1.1.4.13.a.1,39,195,1,1,4,13
39.273.1.1.2.17.a.1,39,273,1,1,2,17
46.1.1.2.1.a.1,46,46,1,1,2,1
51.1.1.2.3.a.1,51,51,1,1,2,3
55.1.1.4.3.a.1,55,55,1,1,4,3
57.1.1.2.3.a.1,57,57,1,1,2,3
58.1.1.4.2.a.1,58,58,1,1,4,2
62.1.1.2.3.a.1,62,62,1,1,2,3
65.1.1.2.5.a.1,65,65,1,1,2,5
69.1.1.2.3.a.1,69,69,1,1,2,3
74.1.1.2.4.a.1,74,74,1,1,2,4
77.1.1.2.5.a.1,77,77,1,1,2,5
82.1.1.2.3.a.1,82,82,1,1,2,3
85.1.1.4.5.a.1,85,85,1,1,4,5
86.1.1.2.4.a.1,86,86,1,1,2,4
87.1.1.4.5.a.1,87,87,1,1,4,5
91.1.1.2.7.a.1,91,91,1,1,2,7
93.1.1.2.5.a.1,93,93,1,1,2,5
94.1.1.2.3.a.1,94,94,1,1,2,3
95.1.1.4.7.a.1,95,95,1,1,4,7
106.1.1.4.4.a.1,106,106,1,1,4,4
111.1.1.4.7.a.1,111,111,1,1,4,7
115.1.1.4.7.a.1,115,115,1,1,4,7
118.1.1.4.4.a.1,118,118,1,1,4,4
119.1.1.2.9.a.1,119,119,1,1,2,9
122.1.1.4.6.a.1,122,122,1,1,4,6
123.1.1.4.7.a.1,123,123,1,1,4,7
129.1.1.2.7.a.1,129,129,1,1,2,7
133.1.1.2.9.a.1,133,133,1,1,2,9
134.1.1.2.6.a.1,134,134,1,1,2,6
141.1.1.2.7.a.1,141,141,1,1,2,7
142.1.1.2.5.a.1,142,142,1,1,2,5
143.1.1.4.11.a.1,143,143,1,1,4,11
145.1.1.2.9.a.1,145,145,1,1,2,9
146.1.1.2.7.a.1,146,146,1,1,2,7
155.1.1.2.11.a.1,155,155,1,1,2,11
158.1.1.2.7.a.1,158,158,1,1,2,7
159.1.1.4.9.a.1,159,159,1,1,4,9
161.1.1.2.11.a.1,161,161,1,1,2,11
166.1.1.4.6.a.1,166,166,1,1,4,6
177.1.1.2.9.a.1,177,177,1,1,2,9
178.1.1.2.7.a.1,178,178,1,1,2,7
183.1.1.4.11.a.1,183,183,1,1,4,11
185.1.1.2.13.a.1,185,185,1,1,2,13
187.1.1.4.13.a.1,187,187,1,1,4,13
194.1.1.2.9.a.1,194,194,1,1,2,9
201.1.1.2.11.a.1,201,201,1,1,2,11
202.1.1.4.8.a.1,202,202,1,1,4,8
203.1.1.2.15.a.1,203,203,1,1,2,15
205.1.1.2.13.a.1,205,205,1,1,2,13
206.1.1.2.9.a.1,206,206,1,1,2,9
209.1.1.2.15.a.1,209,209,1,1,2,15
210.1.1.4.5.a.1,210,210,1,1,4,5
213.1.1.2.11.a.1,213,213,1,1,2,11
214.1.1.4.8.a.1,214,214,1,1,4,8
215.1.1.4.15.a.1,215,215,1,1,4,15
217.1.1.2.15.a.1,217,217,1,1,2,15
218.1.1.4.10.a.1,218,218,1,1,4,10
219.1.1.2.13.a.1,219,219,1,1,2,13
221.1.1.2.17.a.1,221,221,1,1,2,17
226.1.1.2.9.a.1,226,226,1,1,2,9
235.1.1.4.15.a.1,235,235,1,1,4,15
237.1.1.2.13.a.1,237,237,1,1,2,13
247.1.1.4.19.a.1,247,247,1,1,4,19
249.1.1.2.13.a.1,249,249,1,1,2,13
253.1.1.2.17.a.1,253,253,1,1,2,17
254.1.1.2.11.a.1,254,254,1,1,2,11
259.1.1.2.19.a.1,259,259,1,1,2,19
262.1.1.4.10.a.1,262,262,1,1,4,10
265.1.1.2.17.a.1,265,265,1,1,2,17
267.1.1.2.15.a.1,267,267,1,1,2,15
274.1.1.2.11.a.1,274,274,1,1,2,11
278.1.1.4.12.a.1,278,278,1,1,4,12
287.1.1.4.21.a.1,287,287,1,1,4,21
291.1.1.2.17.a.1,291,291,1,1,2,17
295.1.1.4.19.a.1,295,295,1,1,4,19
298.1.1.4.12.a.1,298,298,1,1,4,12
299.1.1.2.23.a.1,299,299,1,1,2,23
301.1.1.2.21.a.1,301,301,1,1,2,21
302.1.1.2.13.a.1,302,302,1,1,2,13
303.1.1.4.17.a.1,303,303,1,1,4,17
305.1.1.2.21.a.1,305,305,1,1,2,21
309.1.1.2.17.a.1,309,309,1,1,2,17
314.1.1.2.14.a.1,314,314,1,1,2,14
319.1.1.4.23.a.1,319,319,1,1,4,23
321.1.1.2.17.a.1,321,321,1,1,2,17
323.1.1.4.25.a.1,323,323,1,1,4,25
326.1.1.2.14.a.1,326,326,1,1,2,14
327.1.1.4.19.a.1,327,327,1,1,4,19
329.1.1.2.23.a.1,329,329,1,1,2,23
330.1.1.4.5.a.1,330,330,1,1,4,5
334.1.1.2.13.a.1,334,334,1,1,2,13
335.1.1.4.23.a.1,335,335,1,1,4,23
339.1.1.2.19.a.1,339,339,1,1,2,19
341.1.1.2.25.a.1,341,341,1,1,2,25
346.1.1.2.14.a.1,346,346,1,1,2,14
355.1.1.2.23.a.1,355,355,1,1,2,23
358.1.1.4.14.a.1,358,358,1,1,4,14
362.1.1.4.16.a.1,362,362,1,1,4,16
365.1.1.4.25.a.1,365,365,1,1,4,25
371.1.1.2.27.a.1,371,371,1,1,2,27
377.1.1.2.29.a.1,377,377,1,1,2,29
381.1.1.2.21.a.1,381,381,1,1,2,21
382.1.1.2.15.a.1,382,382,1,1,2,15
386.1.1.2.17.a.1,386,386,1,1,2,17
390.1.1.4.9.a.1,390,390,1,1,4,9
391.1.1.2.29.a.1,391,391,1,1,2,29
393.1.1.2.21.a.1,393,393,1,1,2,21
394.1.1.4.16.a.1,394,394,1,1,4,16
395.1.1.2.27.a.1,395,395,1,1,2,27
398.1.1.2.17.a.1,398,398,1,1,2,17
403.1.1.2.31.a.1,403,403,1,1,2,31
407.1.1.4.31.a.1,407,407,1,1,4,31
411.1.1.2.23.a.1,411,411,1,1,2,23
413.1.1.2.29.a.1,413,413,1,1,2,29
415.1.1.4.27.a.1,415,415,1,1,4,27
417.1.1.2.23.a.1,417,417,1,1,2,23
422.1.1.4.18.a.1,422,422,1,1,4,18
427.1.1.2.31.a.1,427,427,1,1,2,31
437.1.1.2.33.a.1,437,437,1,1,2,33
445.1.1.2.29.a.1,445,445,1,1,2,29
446.1.1.2.19.a.1,446,446,1,1,2,19
447.1.1.4.25.a.1,447,447,1,1,4,25
451.1.1.4.33.a.1,451,451,1,1,4,33
453.1.1.2.25.a.1,453,453,1,1,2,25
454.1.1.4.18.a.1,454,454,1,1,4,18
458.1.1.2.20.a.1,458,458,1,1,2,20
462.1.1.4.9.a.1,462,462,1,1,4,9
466.1.1.2.19.a.1,466,466,1,1,2,19
469.1.1.2.33.a.1,469,469,1,1,2,33
471.1.1.4.27.a.1,471,471,1,1,4,27
473.1.1.2.35.a.1,473,473,1,1,2,35
478.1.1.2.19.a.1,478,478,1,1,2,19
481.1.1.2.37.a.1,481,481,1,1,2,37
482.1.1.2.21.a.1,482,482,1,1,2,21
485.1.1.4.33.a.1,485,485,1,1,4,33
489.1.1.2.27.a.1,489,489,1,1,2,27
493.1.1.4.37.a.1,493,493,1,1,4,37
497.1.1.2.35.a.1,497,497,1,1,2,35
501.1.1.2.27.a.1,501,501,1,1,2,27
502.1.1.4.20.a.1,502,502,1,1,4,20
505.1.1.2.33.a.1,505,505,1,1,2,33
510.1.1.4.9.a.1,510,510,1,1,4,9
511.1.1.2.37.a.1,511,511,1,1,2,37
514.1.1.2.21.a.1,514,514,1,1,2,21
515.1.1.4.35.a.1,515,515,1,1,4,35
517.1.1.2.37.a.1,517,517,1,1,2,37
519.1.1.4.29.a.1,519,519,1,1,4,29
526.1.1.2.21.a.1,526,526,1,1,2,21
527.1.1.4.41.a.1,527,527,1,1,4,41
533.1.1.4.41.a.1,533,533,1,1,4,41
535.1.1.4.35.a.1,535,535,1,1,4,35
537.1.1.2.29.a.1,537,537,1,1,2,29
538.1.1.4.22.a.1,538,538,1,1,4,22
542.1.1.2.23.a.1,542,542,1,1,2,23
543.1.1.4.31.a.1,543,543,1,1,4,31
545.1.1.2.37.a.1,545,545,1,1,2,37
546.1.1.2.13.a.1,546,546,1,1,2,13
551.1.1.4.43.a.1,551,551,1,1,4,43
553.1.1.2.39.a.1,553,553,1,1,2,39
554.1.1.2.24.a.1,554,554,1,1,2,24
559.1.1.4.43.a.1,559,559,1,1,4,43
562.1.1.2.23.a.1,562,562,1,1,2,23
565.1.1.4.37.a.1,565,565,1,1,4,37
566.1.1.2.24.a.1,566,566,1,1,2,24
570.1.1.4.13.a.1,570,570,1,1,4,13
573.1.1.2.31.a.1,573,573,1,1,2,31
579.1.1.2.33.a.1,579,579,1,1,2,33
581.1.1.2.41.a.1,581,581,1,1,2,41
583.1.1.4.43.a.1,583,583,1,1,4,43
586.1.1.4.24.a.1,586,586,1,1,4,24
589.1.1.2.45.a.1,589,589,1,1,2,45
591.1.1.4.33.a.1,591,591,1,1,4,33
597.1.1.2.33.a.1,597,597,1,1,2,33
611.1.1.2.47.a.1,611,611,1,1,2,47
614.1.1.2.26.a.1,614,614,1,1,2,26
622.1.1.2.25.a.1,622,622,1,1,2,25
623.1.1.2.45.a.1,623,623,1,1,2,45
626.1.1.2.27.a.1,626,626,1,1,2,27
629.1.1.2.49.a.1,629,629,1,1,2,49
633.1.1.2.35.a.1,633,633,1,1,2,35
634.1.1.4.26.a.1,634,634,1,1,4,26
635.1.1.4.43.a.1,635,635,1,1,4,43
649.1.1.2.47.a.1,649,649,1,1,2,47
655.1.1.4.43.a.1,655,655,1,1,4,43
662.1.1.2.28.a.1,662,662,1,1,2,28
667.1.1.2.51.a.1,667,667,1,1,2,51
669.1.1.2.37.a.1,669,669,1,1,2,37
671.1.1.4.51.a.1,671,671,1,1,4,51
674.1.1.2.29.a.1,674,674,1,1,2,29
679.1.1.2.49.a.1,679,679,1,1,2,49
681.1.1.2.37.a.1,681,681,1,1,2,37
685.1.1.4.45.a.1,685,685,1,1,4,45
687.1.1.4.39.a.1,687,687,1,1,4,39
689.1.1.2.53.a.1,689,689,1,1,2,53
690.1.1.4.13.a.1,690,690,1,1,4,13
694.1.1.4.28.a.1,694,694,1,1,4,28
695.1.1.4.47.a.1,695,695,1,1,4,47
697.1.1.2.53.a.1,697,697,1,1,2,53
698.1.1.4.30.a.1,698,698,1,1,4,30
699.1.1.2.39.a.1,699,699,1,1,2,39
703.1.1.4.55.a.1,703,703,1,1,4,55
706.1.1.2.29.a.1,706,706,1,1,2,29
707.1.1.4.51.a.1,707,707,1,1,4,51
713.1.1.2.55.a.1,713,713,1,1,2,55
714.1.1.2.17.a.1,714,714,1,1,2,17
717.1.1.2.39.a.1,717,717,1,1,2,39
718.1.1.2.29.a.1,718,718,1,1,2,29
721.1.1.2.51.a.1,721,721,1,1,2,51
723.1.1.2.41.a.1,723,723,1,1,2,41
731.1.1.2.57.a.1,731,731,1,1,2,57
734.1.1.2.31.a.1,734,734,1,1,2,31
737.1.1.2.55.a.1,737,737,1,1,2,55
745.1.1.2.49.a.1,745,745,1,1,2,49
746.1.1.2.32.a.1,746,746,1,1,2,32
749.1.1.2.53.a.1,749,749,1,1,2,53
753.1.1.2.41.a.1,753,753,1,1,2,41
755.1.1.2.51.a.1,755,755,1,1,2,51
758.1.1.2.32.a.1,758,758,1,1,2,32
763.1.1.4.55.a.1,763,763,1,1,4,55
766.1.1.2.31.a.1,766,766,1,1,2,31
767.1.1.4.59.a.1,767,767,1,1,4,59
770.1.1.2.21.a.1,770,770,1,1,2,21
771.1.1.2.43.a.1,771,771,1,1,2,43
778.1.1.4.32.a.1,778,778,1,1,4,32
779.1.1.2.61.a.1,779,779,1,1,2,61
781.1.1.2.57.a.1,781,781,1,1,2,57
785.1.1.2.53.a.1,785,785,1,1,2,53
789.1.1.2.43.a.1,789,789,1,1,2,43
791.1.1.2.57.a.1,791,791,1,1,2,57
793.1.1.2.61.a.1,793,793,1,1,2,61
794.1.1.2.34.a.1,794,794,1,1,2,34
798.1.1.4.17.a.1,798,798,1,1,4,17
799.1.1.4.61.a.1,799,799,1,1,4,61
802.1.1.2.33.a.1,802,802,1,1,2,33
803.1.1.2.61.a.1,803,803,1,1,2,61
807.1.1.4.45.a.1,807,807,1,1,4,45
813.1.1.2.45.a.1,813,813,1,1,2,45
815.1.1.4.55.a.1,815,815,1,1,4,55
817.1.1.2.63.a.1,817,817,1,1,2,63
818.1.1.2.35.a.1,818,818,1,1,2,35
831.1.1.4.47.a.1,831,831,1,1,4,47
835.1.1.4.55.a.1,835,835,1,1,4,55
838.1.1.4.34.a.1,838,838,1,1,4,34
842.1.1.2.36.a.1,842,842,1,1,2,36
843.1.1.4.47.a.1,843,843,1,1,4,47
849.1.1.2.47.a.1,849,849,1,1,2,47
851.1.1.2.67.a.1,851,851,1,1,2,67
858.1.1.4.21.a.1,858,858,1,1,4,21
862.1.1.2.35.a.1,862,862,1,1,2,35
865.1.1.2.57.a.1,865,865,1,1,2,57
866.1.1.2.37.a.1,866,866,1,1,2,37
869.1.1.2.65.a.1,869,869,1,1,2,65
870.1.1.4.17.a.1,870,870,1,1,4,17
871.1.1.4.67.a.1,871,871,1,1,4,67
878.1.1.2.37.a.1,878,878,1,1,2,37
879.1.1.4.49.a.1,879,879,1,1,4,49
886.1.1.4.36.a.1,886,886,1,1,4,36
889.1.1.2.63.a.1,889,889,1,1,2,63
893.1.1.2.69.a.1,893,893,1,1,2,69
895.1.1.4.59.a.1,895,895,1,1,4,59
898.1.1.2.37.a.1,898,898,1,1,2,37
899.1.1.2.71.a.1,899,899,1,1,2,71
901.1.1.2.69.a.1,901,901,1,1,2,69
905.1.1.2.61.a.1,905,905,1,1,2,61
910.1.1.4.25.a.1,910,910,1,1,4,25
913.1.1.2.67.a.1,913,913,1,1,2,67
914.1.1.2.39.a.1,914,914,1,1,2,39
917.1.1.2.65.a.1,917,917,1,1,2,65
921.1.1.2.51.a.1,921,921,1,1,2,51
922.1.1.4.38.a.1,922,922,1,1,4,38
923.1.1.2.71.a.1,923,923,1,1,2,71
926.1.1.2.39.a.1,926,926,1,1,2,39
930.1.1.2.21.a.1,930,930,1,1,2,21
933.1.1.2.51.a.1,933,933,1,1,2,51
934.1.1.2.38.a.1,934,934,1,1,2,38
939.1.1.2.53.a.1,939,939,1,1,2,53
943.1.1.4.73.a.1,943,943,1,1,4,73
949.1.1.2.73.a.1,949,949,1,1,2,73
951.1.1.4.53.a.1,951,951,1,1,4,53
955.1.1.4.63.a.1,955,955,1,1,4,63
958.1.1.2.39.a.1,958,958,1,1,2,39
959.1.1.2.69.a.1,959,959,1,1,2,69
965.1.1.2.65.a.1,965,965,1,1,2,65
966.1.1.2.21.a.1,966,966,1,1,2,21
973.1.1.2.69.a.1,973,973,1,1,2,69
974.1.1.2.41.a.1,974,974,1,1,2,41
979.1.1.2.73.a.1,979,979,1,1,2,73
982.1.1.2.40.a.1,982,982,1,1,2,40
985.1.1.2.65.a.1,985,985,1,1,2,65
989.1.1.2.77.a.1,989,989,1,1,2,77
993.1.1.2.55.a.1,993,993,1,1,2,55
995.1.1.2.67.a.1,995,995,1,1,2,67
998.1.1.2.42.a.1,998,998,1,1,2,42
